column_id,algo,section_order,seed,nar,path
flights_chi_nyc,baseline_random,,1362,0.5094130675526024,/Users/adamjovine/Documents/IJCAI/LISTEN-IJCAI/outputs/paper__REPS40__iters25__seed1234__20260511_163727_OLD/flights_chi_nyc/flights_chi_nyc__baseline__Complicated_structured__apigroq__llmllama-3.3-70b-versatile__B50__iters25__seed1362__20260512_152016.json
flights_chi_nyc,baseline_random,,1363,0.5094130675526024,/Users/adamjovine/Documents/IJCAI/LISTEN-IJCAI/outputs/paper__REPS40__iters25__seed1234__20260511_163727_OLD/flights_chi_nyc/flights_chi_nyc__baseline__Complicated_structured__apigroq__llmllama-3.3-70b-versatile__B50__iters25__seed1363__20260512_152016.json
flights_chi_nyc,baseline_random,,1364,0.0033222591362126247,/Users/adamjovine/Documents/IJCAI/LISTEN-IJCAI/outputs/paper__REPS40__iters25__seed1234__20260511_163727_OLD/flights_chi_nyc/flights_chi_nyc__baseline__Complicated_structured__apigroq__llmllama-3.3-70b-versatile__B50__iters25__seed1364__20260512_152016.json
flights_chi_nyc,baseline_random,,1365,0.5094130675526024,/Users/adamjovine/Documents/IJCAI/LISTEN-IJCAI/outputs/paper__REPS40__iters25__seed1234__20260511_163727_OLD/flights_chi_nyc/flights_chi_nyc__baseline__Complicated_structured__apigroq__llmllama-3.3-70b-versatile__B50__iters25__seed1365__20260512_152016.json
flights_chi_nyc,baseline_random,,1366,0.5094130675526024,/Users/adamjovine/Documents/IJCAI/LISTEN-IJCAI/outputs/paper__REPS40__iters25__seed1234__20260511_163727_OLD/flights_chi_nyc/flights_chi_nyc__baseline__Complicated_structured__apigroq__llmllama-3.3-70b-versatile__B50__iters25__seed1366__20260512_152016.json
flights_chi_nyc,baseline_random,,1367,0.5094130675526024,/Users/adamjovine/Documents/IJCAI/LISTEN-IJCAI/outputs/paper__REPS40__iters25__seed1234__20260511_163727_OLD/flights_chi_nyc/flights_chi_nyc__baseline__Complicated_structured__apigroq__llmllama-3.3-70b-versatile__B50__iters25__seed1367__20260512_152016.json
flights_chi_nyc,baseline_random,,1368,0.5094130675526024,/Users/adamjovine/Documents/IJCAI/LISTEN-IJCAI/outputs/paper__REPS40__iters25__seed1234__20260511_163727_OLD/flights_chi_nyc/flights_chi_nyc__baseline__Complicated_structured__apigroq__llmllama-3.3-70b-versatile__B50__iters25__seed1368__20260512_152016.json
flights_chi_nyc,baseline_random,,1369,0.5094130675526024,/Users/adamjovine/Documents/IJCAI/LISTEN-IJCAI/outputs/paper__REPS40__iters25__seed1234__20260511_163727_OLD/flights_chi_nyc/flights_chi_nyc__baseline__Complicated_structured__apigroq__llmllama-3.3-70b-versatile__B50__iters25__seed1369__20260512_152016.json
flights_chi_nyc,baseline_random,,1370,0.5094130675526024,/Users/adamjovine/Documents/IJCAI/LISTEN-IJCAI/outputs/paper__REPS40__iters25__seed1234__20260511_163727_OLD/flights_chi_nyc/flights_chi_nyc__baseline__Complicated_structured__apigroq__llmllama-3.3-70b-versatile__B50__iters25__seed1370__20260512_152016.json
flights_chi_nyc,baseline_random,,1371,0.5094130675526024,/Users/adamjovine/Documents/IJCAI/LISTEN-IJCAI/outputs/paper__REPS40__iters25__seed1234__20260511_163727_OLD/flights_chi_nyc/flights_chi_nyc__baseline__Complicated_structured__apigroq__llmllama-3.3-70b-versatile__B50__iters25__seed1371__20260512_152016.json
flights_chi_nyc,baseline_random,,1372,0.5094130675526024,/Users/adamjovine/Documents/IJCAI/LISTEN-IJCAI/outputs/paper__REPS40__iters25__seed1234__20260511_163727_OLD/flights_chi_nyc/flights_chi_nyc__baseline__Complicated_structured__apigroq__llmllama-3.3-70b-versatile__B50__iters25__seed1372__20260512_152016.json
flights_chi_nyc,baseline_random,,1373,0.5094130675526024,/Users/adamjovine/Documents/IJCAI/LISTEN-IJCAI/outputs/paper__REPS40__iters25__seed1234__20260511_163727_OLD/flights_chi_nyc/flights_chi_nyc__baseline__Complicated_structured__apigroq__llmllama-3.3-70b-versatile__B50__iters25__seed1373__20260512_152016.json
flights_chi_nyc,baseline_random,,1374,0.5094130675526024,/Users/adamjovine/Documents/IJCAI/LISTEN-IJCAI/outputs/paper__REPS40__iters25__seed1234__20260511_163727_OLD/flights_chi_nyc/flights_chi_nyc__baseline__Complicated_structured__apigroq__llmllama-3.3-70b-versatile__B50__iters25__seed1374__20260512_152016.json
flights_chi_nyc,baseline_random,,1375,0.5094130675526024,/Users/adamjovine/Documents/IJCAI/LISTEN-IJCAI/outputs/paper__REPS40__iters25__seed1234__20260511_163727_OLD/flights_chi_nyc/flights_chi_nyc__baseline__Complicated_structured__apigroq__llmllama-3.3-70b-versatile__B50__iters25__seed1375__20260512_152016.json
flights_chi_nyc,baseline_random,,1376,0.5094130675526024,/Users/adamjovine/Documents/IJCAI/LISTEN-IJCAI/outputs/paper__REPS40__iters25__seed1234__20260511_163727_OLD/flights_chi_nyc/flights_chi_nyc__baseline__Complicated_structured__apigroq__llmllama-3.3-70b-versatile__B50__iters25__seed1376__20260512_152016.json
flights_chi_nyc,baseline_random,,1377,0.5094130675526024,/Users/adamjovine/Documents/IJCAI/LISTEN-IJCAI/outputs/paper__REPS40__iters25__seed1234__20260511_163727_OLD/flights_chi_nyc/flights_chi_nyc__baseline__Complicated_structured__apigroq__llmllama-3.3-70b-versatile__B50__iters25__seed1377__20260512_152016.json
flights_chi_nyc,baseline_random,,1378,0.5094130675526024,/Users/adamjovine/Documents/IJCAI/LISTEN-IJCAI/outputs/paper__REPS40__iters25__seed1234__20260511_163727_OLD/flights_chi_nyc/flights_chi_nyc__baseline__Complicated_structured__apigroq__llmllama-3.3-70b-versatile__B50__iters25__seed1378__20260512_152016.json
flights_chi_nyc,baseline_random,,1379,0.5094130675526024,/Users/adamjovine/Documents/IJCAI/LISTEN-IJCAI/outputs/paper__REPS40__iters25__seed1234__20260511_163727_OLD/flights_chi_nyc/flights_chi_nyc__baseline__Complicated_structured__apigroq__llmllama-3.3-70b-versatile__B50__iters25__seed1379__20260512_152016.json
flights_chi_nyc,baseline_random,,1380,0.5094130675526024,/Users/adamjovine/Documents/IJCAI/LISTEN-IJCAI/outputs/paper__REPS40__iters25__seed1234__20260511_163727_OLD/flights_chi_nyc/flights_chi_nyc__baseline__Complicated_structured__apigroq__llmllama-3.3-70b-versatile__B50__iters25__seed1380__20260512_152016.json
flights_chi_nyc,baseline_random,,1381,0.5094130675526024,/Users/adamjovine/Documents/IJCAI/LISTEN-IJCAI/outputs/paper__REPS40__iters25__seed1234__20260511_163727_OLD/flights_chi_nyc/flights_chi_nyc__baseline__Complicated_structured__apigroq__llmllama-3.3-70b-versatile__B50__iters25__seed1381__20260512_152016.json
flights_chi_nyc,baseline_random,,1382,0.5094130675526024,/Users/adamjovine/Documents/IJCAI/LISTEN-IJCAI/outputs/paper__REPS40__iters25__seed1234__20260511_163727_OLD/flights_chi_nyc/flights_chi_nyc__baseline__Complicated_structured__apigroq__llmllama-3.3-70b-versatile__B50__iters25__seed1382__20260512_152016.json
flights_chi_nyc,baseline_random,,1383,0.5094130675526024,/Users/adamjovine/Documents/IJCAI/LISTEN-IJCAI/outputs/paper__REPS40__iters25__seed1234__20260511_163727_OLD/flights_chi_nyc/flights_chi_nyc__baseline__Complicated_structured__apigroq__llmllama-3.3-70b-versatile__B50__iters25__seed1383__20260512_152016.json
flights_chi_nyc,baseline_random,,1384,0.5094130675526024,/Users/adamjovine/Documents/IJCAI/LISTEN-IJCAI/outputs/paper__REPS40__iters25__seed1234__20260511_163727_OLD/flights_chi_nyc/flights_chi_nyc__baseline__Complicated_structured__apigroq__llmllama-3.3-70b-versatile__B50__iters25__seed1384__20260512_152016.json
flights_chi_nyc,baseline_random,,1385,0.5094130675526024,/Users/adamjovine/Documents/IJCAI/LISTEN-IJCAI/outputs/paper__REPS40__iters25__seed1234__20260511_163727_OLD/flights_chi_nyc/flights_chi_nyc__baseline__Complicated_structured__apigroq__llmllama-3.3-70b-versatile__B50__iters25__seed1385__20260512_152016.json
flights_chi_nyc,baseline_random,,1386,0.5094130675526024,/Users/adamjovine/Documents/IJCAI/LISTEN-IJCAI/outputs/paper__REPS40__iters25__seed1234__20260511_163727_OLD/flights_chi_nyc/flights_chi_nyc__baseline__Complicated_structured__apigroq__llmllama-3.3-70b-versatile__B50__iters25__seed1386__20260512_152016.json
flights_chi_nyc,baseline_random,,1387,0.5094130675526024,/Users/adamjovine/Documents/IJCAI/LISTEN-IJCAI/outputs/paper__REPS40__iters25__seed1234__20260511_163727_OLD/flights_chi_nyc/flights_chi_nyc__baseline__Complicated_structured__apigroq__llmllama-3.3-70b-versatile__B50__iters25__seed1387__20260512_152016.json
flights_chi_nyc,baseline_random,,1388,0.5094130675526024,/Users/adamjovine/Documents/IJCAI/LISTEN-IJCAI/outputs/paper__REPS40__iters25__seed1234__20260511_163727_OLD/flights_chi_nyc/flights_chi_nyc__baseline__Complicated_structured__apigroq__llmllama-3.3-70b-versatile__B50__iters25__seed1388__20260512_152016.json
flights_chi_nyc,baseline_random,,1389,0.5094130675526024,/Users/adamjovine/Documents/IJCAI/LISTEN-IJCAI/outputs/paper__REPS40__iters25__seed1234__20260511_163727_OLD/flights_chi_nyc/flights_chi_nyc__baseline__Complicated_structured__apigroq__llmllama-3.3-70b-versatile__B50__iters25__seed1389__20260512_152016.json
flights_chi_nyc,baseline_random,,1390,0.5094130675526024,/Users/adamjovine/Documents/IJCAI/LISTEN-IJCAI/outputs/paper__REPS40__iters25__seed1234__20260511_163727_OLD/flights_chi_nyc/flights_chi_nyc__baseline__Complicated_structured__apigroq__llmllama-3.3-70b-versatile__B50__iters25__seed1390__20260512_152016.json
flights_chi_nyc,baseline_random,,1391,0.5094130675526024,/Users/adamjovine/Documents/IJCAI/LISTEN-IJCAI/outputs/paper__REPS40__iters25__seed1234__20260511_163727_OLD/flights_chi_nyc/flights_chi_nyc__baseline__Complicated_structured__apigroq__llmllama-3.3-70b-versatile__B50__iters25__seed1391__20260512_152016.json
flights_chi_nyc,baseline_random,,1392,0.5094130675526024,/Users/adamjovine/Documents/IJCAI/LISTEN-IJCAI/outputs/paper__REPS40__iters25__seed1234__20260511_163727_OLD/flights_chi_nyc/flights_chi_nyc__baseline__Complicated_structured__apigroq__llmllama-3.3-70b-versatile__B50__iters25__seed1392__20260512_152016.json
flights_chi_nyc,baseline_random,,1393,0.5094130675526024,/Users/adamjovine/Documents/IJCAI/LISTEN-IJCAI/outputs/paper__REPS40__iters25__seed1234__20260511_163727_OLD/flights_chi_nyc/flights_chi_nyc__baseline__Complicated_structured__apigroq__llmllama-3.3-70b-versatile__B50__iters25__seed1393__20260512_152016.json
flights_chi_nyc,baseline_random,,1394,0.5094130675526024,/Users/adamjovine/Documents/IJCAI/LISTEN-IJCAI/outputs/paper__REPS40__iters25__seed1234__20260511_163727_OLD/flights_chi_nyc/flights_chi_nyc__baseline__Complicated_structured__apigroq__llmllama-3.3-70b-versatile__B50__iters25__seed1394__20260512_152016.json
flights_chi_nyc,baseline_random,,1395,0.5094130675526024,/Users/adamjovine/Documents/IJCAI/LISTEN-IJCAI/outputs/paper__REPS40__iters25__seed1234__20260511_163727_OLD/flights_chi_nyc/flights_chi_nyc__baseline__Complicated_structured__apigroq__llmllama-3.3-70b-versatile__B50__iters25__seed1395__20260512_152016.json
flights_chi_nyc,baseline_random,,1396,0.5094130675526024,/Users/adamjovine/Documents/IJCAI/LISTEN-IJCAI/outputs/paper__REPS40__iters25__seed1234__20260511_163727_OLD/flights_chi_nyc/flights_chi_nyc__baseline__Complicated_structured__apigroq__llmllama-3.3-70b-versatile__B50__iters25__seed1396__20260512_152016.json
flights_chi_nyc,baseline_random,,1397,0.5094130675526024,/Users/adamjovine/Documents/IJCAI/LISTEN-IJCAI/outputs/paper__REPS40__iters25__seed1234__20260511_163727_OLD/flights_chi_nyc/flights_chi_nyc__baseline__Complicated_structured__apigroq__llmllama-3.3-70b-versatile__B50__iters25__seed1397__20260512_152016.json
flights_chi_nyc,baseline_random,,1398,0.5094130675526024,/Users/adamjovine/Documents/IJCAI/LISTEN-IJCAI/outputs/paper__REPS40__iters25__seed1234__20260511_163727_OLD/flights_chi_nyc/flights_chi_nyc__baseline__Complicated_structured__apigroq__llmllama-3.3-70b-versatile__B50__iters25__seed1398__20260512_152016.json
flights_chi_nyc,baseline_random,,1399,0.5094130675526024,/Users/adamjovine/Documents/IJCAI/LISTEN-IJCAI/outputs/paper__REPS40__iters25__seed1234__20260511_163727_OLD/flights_chi_nyc/flights_chi_nyc__baseline__Complicated_structured__apigroq__llmllama-3.3-70b-versatile__B50__iters25__seed1399__20260512_152016.json
flights_chi_nyc,baseline_random,,1400,0.5094130675526024,/Users/adamjovine/Documents/IJCAI/LISTEN-IJCAI/outputs/paper__REPS40__iters25__seed1234__20260511_163727_OLD/flights_chi_nyc/flights_chi_nyc__baseline__Complicated_structured__apigroq__llmllama-3.3-70b-versatile__B50__iters25__seed1400__20260512_152016.json
flights_chi_nyc,baseline_random,,1401,0.5094130675526024,/Users/adamjovine/Documents/IJCAI/LISTEN-IJCAI/outputs/paper__REPS40__iters25__seed1234__20260511_163727_OLD/flights_chi_nyc/flights_chi_nyc__baseline__Complicated_structured__apigroq__llmllama-3.3-70b-versatile__B50__iters25__seed1401__20260512_152016.json
flights_chi_nyc,baseline_zscore,,1362,0.5094130675526024,/Users/adamjovine/Documents/IJCAI/LISTEN-IJCAI/outputs/paper__REPS40__iters25__seed1234__20260511_163727_OLD/flights_chi_nyc/flights_chi_nyc__baseline__Complicated_structured__apigroq__llmllama-3.3-70b-versatile__B50__iters25__seed1362__20260512_152016.json
flights_chi_nyc,full_batch,"persona,attributes,priorities",1274,0.5094130675526024,/Users/adamjovine/Documents/IJCAI/LISTEN-IJCAI/outputs/paper__REPS40__iters25__seed1234__20260511_163727_OLD/flights_chi_nyc/flights_chi_nyc__full_batch__Complicated_structured__apigroq__llmllama-3.3-70b-versatile__B903__iters25__seed1274__20260514_154209.json
flights_chi_nyc,full_batch,"persona,attributes,priorities",1275,0.5094130675526024,/Users/adamjovine/Documents/IJCAI/LISTEN-IJCAI/outputs/paper__REPS40__iters25__seed1234__20260511_163727_OLD/flights_chi_nyc/flights_chi_nyc__full_batch__Complicated_structured__apigroq__llmllama-3.3-70b-versatile__B903__iters25__seed1275__20260514_154209.json
flights_chi_nyc,full_batch,"persona,attributes,priorities",1276,0.5094130675526024,/Users/adamjovine/Documents/IJCAI/LISTEN-IJCAI/outputs/paper__REPS40__iters25__seed1234__20260511_163727_OLD/flights_chi_nyc/flights_chi_nyc__full_batch__Complicated_structured__apigroq__llmllama-3.3-70b-versatile__B903__iters25__seed1276__20260514_154209.json
flights_chi_nyc,full_batch,"persona,attributes,priorities",1277,0.5094130675526024,/Users/adamjovine/Documents/IJCAI/LISTEN-IJCAI/outputs/paper__REPS40__iters25__seed1234__20260511_163727_OLD/flights_chi_nyc/flights_chi_nyc__full_batch__Complicated_structured__apigroq__llmllama-3.3-70b-versatile__B903__iters25__seed1277__20260514_154209.json
flights_chi_nyc,full_batch,"persona,attributes,priorities",1278,0.5094130675526024,/Users/adamjovine/Documents/IJCAI/LISTEN-IJCAI/outputs/paper__REPS40__iters25__seed1234__20260511_163727_OLD/flights_chi_nyc/flights_chi_nyc__full_batch__Complicated_structured__apigroq__llmllama-3.3-70b-versatile__B903__iters25__seed1278__20260514_154209.json
flights_chi_nyc,full_batch,"persona,attributes,priorities",1279,0.5094130675526024,/Users/adamjovine/Documents/IJCAI/LISTEN-IJCAI/outputs/paper__REPS40__iters25__seed1234__20260511_163727_OLD/flights_chi_nyc/flights_chi_nyc__full_batch__Complicated_structured__apigroq__llmllama-3.3-70b-versatile__B903__iters25__seed1279__20260514_154209.json
flights_chi_nyc,full_batch,"persona,attributes,priorities",1280,0.5094130675526024,/Users/adamjovine/Documents/IJCAI/LISTEN-IJCAI/outputs/paper__REPS40__iters25__seed1234__20260511_163727_OLD/flights_chi_nyc/flights_chi_nyc__full_batch__Complicated_structured__apigroq__llmllama-3.3-70b-versatile__B903__iters25__seed1280__20260514_154209.json
flights_chi_nyc,full_batch,"persona,attributes,priorities",1281,0.5094130675526024,/Users/adamjovine/Documents/IJCAI/LISTEN-IJCAI/outputs/paper__REPS40__iters25__seed1234__20260511_163727_OLD/flights_chi_nyc/flights_chi_nyc__full_batch__Complicated_structured__apigroq__llmllama-3.3-70b-versatile__B903__iters25__seed1281__20260514_154209.json
flights_chi_nyc,full_batch,"persona,attributes,priorities",1282,0.5094130675526024,/Users/adamjovine/Documents/IJCAI/LISTEN-IJCAI/outputs/paper__REPS40__iters25__seed1234__20260511_163727_OLD/flights_chi_nyc/flights_chi_nyc__full_batch__Complicated_structured__apigroq__llmllama-3.3-70b-versatile__B903__iters25__seed1282__20260514_154209.json
flights_chi_nyc,full_batch,"persona,attributes,priorities",1283,0.5094130675526024,/Users/adamjovine/Documents/IJCAI/LISTEN-IJCAI/outputs/paper__REPS40__iters25__seed1234__20260511_163727_OLD/flights_chi_nyc/flights_chi_nyc__full_batch__Complicated_structured__apigroq__llmllama-3.3-70b-versatile__B903__iters25__seed1283__20260514_154209.json
flights_chi_nyc,full_batch,"persona,attributes,priorities",1284,0.5094130675526024,/Users/adamjovine/Documents/IJCAI/LISTEN-IJCAI/outputs/paper__REPS40__iters25__seed1234__20260511_163727_OLD/flights_chi_nyc/flights_chi_nyc__full_batch__Complicated_structured__apigroq__llmllama-3.3-70b-versatile__B903__iters25__seed1284__20260514_154209.json
flights_chi_nyc,full_batch,"persona,attributes,priorities",1285,0.5094130675526024,/Users/adamjovine/Documents/IJCAI/LISTEN-IJCAI/outputs/paper__REPS40__iters25__seed1234__20260511_163727_OLD/flights_chi_nyc/flights_chi_nyc__full_batch__Complicated_structured__apigroq__llmllama-3.3-70b-versatile__B903__iters25__seed1285__20260514_154209.json
flights_chi_nyc,full_batch,"persona,attributes,priorities",1286,0.5094130675526024,/Users/adamjovine/Documents/IJCAI/LISTEN-IJCAI/outputs/paper__REPS40__iters25__seed1234__20260511_163727_OLD/flights_chi_nyc/flights_chi_nyc__full_batch__Complicated_structured__apigroq__llmllama-3.3-70b-versatile__B903__iters25__seed1286__20260514_154209.json
flights_chi_nyc,full_batch,"persona,attributes,priorities",1287,0.5094130675526024,/Users/adamjovine/Documents/IJCAI/LISTEN-IJCAI/outputs/paper__REPS40__iters25__seed1234__20260511_163727_OLD/flights_chi_nyc/flights_chi_nyc__full_batch__Complicated_structured__apigroq__llmllama-3.3-70b-versatile__B903__iters25__seed1287__20260514_154209.json
flights_chi_nyc,full_batch,"persona,attributes,priorities",1288,0.5094130675526024,/Users/adamjovine/Documents/IJCAI/LISTEN-IJCAI/outputs/paper__REPS40__iters25__seed1234__20260511_163727_OLD/flights_chi_nyc/flights_chi_nyc__full_batch__Complicated_structured__apigroq__llmllama-3.3-70b-versatile__B903__iters25__seed1288__20260514_154209.json
flights_chi_nyc,full_batch,"persona,attributes,priorities",1289,0.5094130675526024,/Users/adamjovine/Documents/IJCAI/LISTEN-IJCAI/outputs/paper__REPS40__iters25__seed1234__20260511_163727_OLD/flights_chi_nyc/flights_chi_nyc__full_batch__Complicated_structured__apigroq__llmllama-3.3-70b-versatile__B903__iters25__seed1289__20260514_154209.json
flights_chi_nyc,full_batch,"persona,attributes,priorities",1290,0.5094130675526024,/Users/adamjovine/Documents/IJCAI/LISTEN-IJCAI/outputs/paper__REPS40__iters25__seed1234__20260511_163727_OLD/flights_chi_nyc/flights_chi_nyc__full_batch__Complicated_structured__apigroq__llmllama-3.3-70b-versatile__B903__iters25__seed1290__20260514_154209.json
flights_chi_nyc,full_batch,"persona,attributes,priorities",1291,0.5094130675526024,/Users/adamjovine/Documents/IJCAI/LISTEN-IJCAI/outputs/paper__REPS40__iters25__seed1234__20260511_163727_OLD/flights_chi_nyc/flights_chi_nyc__full_batch__Complicated_structured__apigroq__llmllama-3.3-70b-versatile__B903__iters25__seed1291__20260514_154209.json
flights_chi_nyc,full_batch,"persona,attributes,priorities",1292,0.5094130675526024,/Users/adamjovine/Documents/IJCAI/LISTEN-IJCAI/outputs/paper__REPS40__iters25__seed1234__20260511_163727_OLD/flights_chi_nyc/flights_chi_nyc__full_batch__Complicated_structured__apigroq__llmllama-3.3-70b-versatile__B903__iters25__seed1292__20260514_154209.json
flights_chi_nyc,full_batch,"persona,attributes,priorities",1293,0.5094130675526024,/Users/adamjovine/Documents/IJCAI/LISTEN-IJCAI/outputs/paper__REPS40__iters25__seed1234__20260511_163727_OLD/flights_chi_nyc/flights_chi_nyc__full_batch__Complicated_structured__apigroq__llmllama-3.3-70b-versatile__B903__iters25__seed1293__20260514_154209.json
flights_chi_nyc,full_batch,"persona,attributes,priorities",1294,0.5094130675526024,/Users/adamjovine/Documents/IJCAI/LISTEN-IJCAI/outputs/paper__REPS40__iters25__seed1234__20260511_163727_OLD/flights_chi_nyc/flights_chi_nyc__full_batch__Complicated_structured__apigroq__llmllama-3.3-70b-versatile__B903__iters25__seed1294__20260514_154209.json
flights_chi_nyc,full_batch,"persona,attributes,priorities",1295,0.5094130675526024,/Users/adamjovine/Documents/IJCAI/LISTEN-IJCAI/outputs/paper__REPS40__iters25__seed1234__20260511_163727_OLD/flights_chi_nyc/flights_chi_nyc__full_batch__Complicated_structured__apigroq__llmllama-3.3-70b-versatile__B903__iters25__seed1295__20260514_154209.json
flights_chi_nyc,full_batch,"persona,attributes,priorities",1296,0.5094130675526024,/Users/adamjovine/Documents/IJCAI/LISTEN-IJCAI/outputs/paper__REPS40__iters25__seed1234__20260511_163727_OLD/flights_chi_nyc/flights_chi_nyc__full_batch__Complicated_structured__apigroq__llmllama-3.3-70b-versatile__B903__iters25__seed1296__20260514_154209.json
flights_chi_nyc,full_batch,"persona,attributes,priorities",1297,0.5094130675526024,/Users/adamjovine/Documents/IJCAI/LISTEN-IJCAI/outputs/paper__REPS40__iters25__seed1234__20260511_163727_OLD/flights_chi_nyc/flights_chi_nyc__full_batch__Complicated_structured__apigroq__llmllama-3.3-70b-versatile__B903__iters25__seed1297__20260514_154209.json
flights_chi_nyc,full_batch,"persona,attributes,priorities",1298,0.5094130675526024,/Users/adamjovine/Documents/IJCAI/LISTEN-IJCAI/outputs/paper__REPS40__iters25__seed1234__20260511_163727_OLD/flights_chi_nyc/flights_chi_nyc__full_batch__Complicated_structured__apigroq__llmllama-3.3-70b-versatile__B903__iters25__seed1298__20260514_154209.json
flights_chi_nyc,full_batch,"persona,attributes,priorities",1299,0.5094130675526024,/Users/adamjovine/Documents/IJCAI/LISTEN-IJCAI/outputs/paper__REPS40__iters25__seed1234__20260511_163727_OLD/flights_chi_nyc/flights_chi_nyc__full_batch__Complicated_structured__apigroq__llmllama-3.3-70b-versatile__B903__iters25__seed1299__20260514_154209.json
flights_chi_nyc,full_batch,"persona,attributes,priorities",1300,0.0033222591362126247,/Users/adamjovine/Documents/IJCAI/LISTEN-IJCAI/outputs/paper__REPS40__iters25__seed1234__20260511_163727_OLD/flights_chi_nyc/flights_chi_nyc__full_batch__Complicated_structured__apigroq__llmllama-3.3-70b-versatile__B903__iters25__seed1300__20260514_154209.json
flights_chi_nyc,full_batch,"persona,attributes,priorities",1301,0.5094130675526024,/Users/adamjovine/Documents/IJCAI/LISTEN-IJCAI/outputs/paper__REPS40__iters25__seed1234__20260511_163727_OLD/flights_chi_nyc/flights_chi_nyc__full_batch__Complicated_structured__apigroq__llmllama-3.3-70b-versatile__B903__iters25__seed1301__20260514_154209.json
flights_chi_nyc,full_batch,"persona,attributes,priorities",1302,0.5094130675526024,/Users/adamjovine/Documents/IJCAI/LISTEN-IJCAI/outputs/paper__REPS40__iters25__seed1234__20260511_163727_OLD/flights_chi_nyc/flights_chi_nyc__full_batch__Complicated_structured__apigroq__llmllama-3.3-70b-versatile__B903__iters25__seed1302__20260514_154209.json
flights_chi_nyc,full_batch,"persona,attributes,priorities",1303,0.5094130675526024,/Users/adamjovine/Documents/IJCAI/LISTEN-IJCAI/outputs/paper__REPS40__iters25__seed1234__20260511_163727_OLD/flights_chi_nyc/flights_chi_nyc__full_batch__Complicated_structured__apigroq__llmllama-3.3-70b-versatile__B903__iters25__seed1303__20260514_154209.json
flights_chi_nyc,full_batch,"persona,attributes,priorities",1304,0.5094130675526024,/Users/adamjovine/Documents/IJCAI/LISTEN-IJCAI/outputs/paper__REPS40__iters25__seed1234__20260511_163727_OLD/flights_chi_nyc/flights_chi_nyc__full_batch__Complicated_structured__apigroq__llmllama-3.3-70b-versatile__B903__iters25__seed1304__20260514_154209.json
flights_chi_nyc,full_batch,"persona,attributes,priorities",1305,0.5094130675526024,/Users/adamjovine/Documents/IJCAI/LISTEN-IJCAI/outputs/paper__REPS40__iters25__seed1234__20260511_163727_OLD/flights_chi_nyc/flights_chi_nyc__full_batch__Complicated_structured__apigroq__llmllama-3.3-70b-versatile__B903__iters25__seed1305__20260514_154209.json
flights_chi_nyc,full_batch,"persona,attributes,priorities",1306,0.5094130675526024,/Users/adamjovine/Documents/IJCAI/LISTEN-IJCAI/outputs/paper__REPS40__iters25__seed1234__20260511_163727_OLD/flights_chi_nyc/flights_chi_nyc__full_batch__Complicated_structured__apigroq__llmllama-3.3-70b-versatile__B903__iters25__seed1306__20260514_154209.json
flights_chi_nyc,full_batch,"persona,attributes,priorities",1307,0.5094130675526024,/Users/adamjovine/Documents/IJCAI/LISTEN-IJCAI/outputs/paper__REPS40__iters25__seed1234__20260511_163727_OLD/flights_chi_nyc/flights_chi_nyc__full_batch__Complicated_structured__apigroq__llmllama-3.3-70b-versatile__B903__iters25__seed1307__20260514_154209.json
flights_chi_nyc,full_batch,"persona,attributes,priorities",1308,0.012181616832779624,/Users/adamjovine/Documents/IJCAI/LISTEN-IJCAI/outputs/paper__REPS40__iters25__seed1234__20260511_163727_OLD/flights_chi_nyc/flights_chi_nyc__full_batch__Complicated_structured__apigroq__llmllama-3.3-70b-versatile__B903__iters25__seed1308__20260514_154209.json
flights_chi_nyc,full_batch,"persona,attributes,priorities",1309,0.5094130675526024,/Users/adamjovine/Documents/IJCAI/LISTEN-IJCAI/outputs/paper__REPS40__iters25__seed1234__20260511_163727_OLD/flights_chi_nyc/flights_chi_nyc__full_batch__Complicated_structured__apigroq__llmllama-3.3-70b-versatile__B903__iters25__seed1309__20260514_154209.json
flights_chi_nyc,full_batch,"persona,attributes,priorities",1310,0.5094130675526024,/Users/adamjovine/Documents/IJCAI/LISTEN-IJCAI/outputs/paper__REPS40__iters25__seed1234__20260511_163727_OLD/flights_chi_nyc/flights_chi_nyc__full_batch__Complicated_structured__apigroq__llmllama-3.3-70b-versatile__B903__iters25__seed1310__20260514_154209.json
flights_chi_nyc,full_batch,"persona,attributes,priorities",1311,0.5094130675526024,/Users/adamjovine/Documents/IJCAI/LISTEN-IJCAI/outputs/paper__REPS40__iters25__seed1234__20260511_163727_OLD/flights_chi_nyc/flights_chi_nyc__full_batch__Complicated_structured__apigroq__llmllama-3.3-70b-versatile__B903__iters25__seed1311__20260514_154209.json
flights_chi_nyc,full_batch,"persona,attributes,priorities",1312,0.5094130675526024,/Users/adamjovine/Documents/IJCAI/LISTEN-IJCAI/outputs/paper__REPS40__iters25__seed1234__20260511_163727_OLD/flights_chi_nyc/flights_chi_nyc__full_batch__Complicated_structured__apigroq__llmllama-3.3-70b-versatile__B903__iters25__seed1312__20260514_154209.json
flights_chi_nyc,full_batch,"persona,attributes,priorities",1313,0.5094130675526024,/Users/adamjovine/Documents/IJCAI/LISTEN-IJCAI/outputs/paper__REPS40__iters25__seed1234__20260511_163727_OLD/flights_chi_nyc/flights_chi_nyc__full_batch__Complicated_structured__apigroq__llmllama-3.3-70b-versatile__B903__iters25__seed1313__20260514_154209.json
flights_chi_nyc,tournament,"persona,attributes,priorities",1474,0.016611295681063124,/Users/adamjovine/Documents/IJCAI/LISTEN-IJCAI/outputs/paper__REPS40__iters25__seed1234__20260511_163727_OLD/flights_chi_nyc/flights_chi_nyc__tournament__Complicated_structured__apigroq__llmllama-3.3-70b-versatile__B32__iters25__seed1474__20260511_163727.json
flights_chi_nyc,tournament,"persona,attributes,priorities",1475,0.5094130675526024,/Users/adamjovine/Documents/IJCAI/LISTEN-IJCAI/outputs/paper__REPS40__iters25__seed1234__20260511_163727_OLD/flights_chi_nyc/flights_chi_nyc__tournament__Complicated_structured__apigroq__llmllama-3.3-70b-versatile__B32__iters25__seed1475__20260511_163727.json
flights_chi_nyc,tournament,"persona,attributes,priorities",1476,0.5094130675526024,/Users/adamjovine/Documents/IJCAI/LISTEN-IJCAI/outputs/paper__REPS40__iters25__seed1234__20260511_163727_OLD/flights_chi_nyc/flights_chi_nyc__tournament__Complicated_structured__apigroq__llmllama-3.3-70b-versatile__B32__iters25__seed1476__20260511_163727.json
flights_chi_nyc,tournament,"persona,attributes,priorities",1477,0.5094130675526024,/Users/adamjovine/Documents/IJCAI/LISTEN-IJCAI/outputs/paper__REPS40__iters25__seed1234__20260511_163727_OLD/flights_chi_nyc/flights_chi_nyc__tournament__Complicated_structured__apigroq__llmllama-3.3-70b-versatile__B32__iters25__seed1477__20260511_163727.json
flights_chi_nyc,tournament,"persona,attributes,priorities",1478,0.5094130675526024,/Users/adamjovine/Documents/IJCAI/LISTEN-IJCAI/outputs/paper__REPS40__iters25__seed1234__20260511_163727_OLD/flights_chi_nyc/flights_chi_nyc__tournament__Complicated_structured__apigroq__llmllama-3.3-70b-versatile__B32__iters25__seed1478__20260511_163727.json
flights_chi_nyc,tournament,"persona,attributes,priorities",1479,0.5094130675526024,/Users/adamjovine/Documents/IJCAI/LISTEN-IJCAI/outputs/paper__REPS40__iters25__seed1234__20260511_163727_OLD/flights_chi_nyc/flights_chi_nyc__tournament__Complicated_structured__apigroq__llmllama-3.3-70b-versatile__B32__iters25__seed1479__20260511_163727.json
flights_chi_nyc,tournament,"persona,attributes,priorities",1480,0.5094130675526024,/Users/adamjovine/Documents/IJCAI/LISTEN-IJCAI/outputs/paper__REPS40__iters25__seed1234__20260511_163727_OLD/flights_chi_nyc/flights_chi_nyc__tournament__Complicated_structured__apigroq__llmllama-3.3-70b-versatile__B32__iters25__seed1480__20260511_163727.json
flights_chi_nyc,tournament,"persona,attributes,priorities",1481,0.5094130675526024,/Users/adamjovine/Documents/IJCAI/LISTEN-IJCAI/outputs/paper__REPS40__iters25__seed1234__20260511_163727_OLD/flights_chi_nyc/flights_chi_nyc__tournament__Complicated_structured__apigroq__llmllama-3.3-70b-versatile__B32__iters25__seed1481__20260511_163727.json
flights_chi_nyc,tournament,"persona,attributes,priorities",1482,0.5094130675526024,/Users/adamjovine/Documents/IJCAI/LISTEN-IJCAI/outputs/paper__REPS40__iters25__seed1234__20260511_163727_OLD/flights_chi_nyc/flights_chi_nyc__tournament__Complicated_structured__apigroq__llmllama-3.3-70b-versatile__B32__iters25__seed1482__20260511_163727.json
flights_chi_nyc,tournament,"persona,attributes,priorities",1483,0.013289036544850499,/Users/adamjovine/Documents/IJCAI/LISTEN-IJCAI/outputs/paper__REPS40__iters25__seed1234__20260511_163727_OLD/flights_chi_nyc/flights_chi_nyc__tournament__Complicated_structured__apigroq__llmllama-3.3-70b-versatile__B32__iters25__seed1483__20260511_163727.json
flights_chi_nyc,tournament,"persona,attributes,priorities",1484,0.5094130675526024,/Users/adamjovine/Documents/IJCAI/LISTEN-IJCAI/outputs/paper__REPS40__iters25__seed1234__20260511_163727_OLD/flights_chi_nyc/flights_chi_nyc__tournament__Complicated_structured__apigroq__llmllama-3.3-70b-versatile__B32__iters25__seed1484__20260511_163727.json
flights_chi_nyc,tournament,"persona,attributes,priorities",1485,0.5094130675526024,/Users/adamjovine/Documents/IJCAI/LISTEN-IJCAI/outputs/paper__REPS40__iters25__seed1234__20260511_163727_OLD/flights_chi_nyc/flights_chi_nyc__tournament__Complicated_structured__apigroq__llmllama-3.3-70b-versatile__B32__iters25__seed1485__20260511_163727.json
flights_chi_nyc,tournament,"persona,attributes,priorities",1486,0.5094130675526024,/Users/adamjovine/Documents/IJCAI/LISTEN-IJCAI/outputs/paper__REPS40__iters25__seed1234__20260511_163727_OLD/flights_chi_nyc/flights_chi_nyc__tournament__Complicated_structured__apigroq__llmllama-3.3-70b-versatile__B32__iters25__seed1486__20260511_163727.json
flights_chi_nyc,tournament,"persona,attributes,priorities",1487,0.0011074197120708748,/Users/adamjovine/Documents/IJCAI/LISTEN-IJCAI/outputs/paper__REPS40__iters25__seed1234__20260511_163727_OLD/flights_chi_nyc/flights_chi_nyc__tournament__Complicated_structured__apigroq__llmllama-3.3-70b-versatile__B32__iters25__seed1487__20260511_163727.json
flights_chi_nyc,tournament,"persona,attributes,priorities",1488,0.5094130675526024,/Users/adamjovine/Documents/IJCAI/LISTEN-IJCAI/outputs/paper__REPS40__iters25__seed1234__20260511_163727_OLD/flights_chi_nyc/flights_chi_nyc__tournament__Complicated_structured__apigroq__llmllama-3.3-70b-versatile__B32__iters25__seed1488__20260511_163727.json
flights_chi_nyc,tournament,"persona,attributes,priorities",1489,0.5094130675526024,/Users/adamjovine/Documents/IJCAI/LISTEN-IJCAI/outputs/paper__REPS40__iters25__seed1234__20260511_163727_OLD/flights_chi_nyc/flights_chi_nyc__tournament__Complicated_structured__apigroq__llmllama-3.3-70b-versatile__B32__iters25__seed1489__20260511_163727.json
flights_chi_nyc,tournament,"persona,attributes,priorities",1490,0.016611295681063124,/Users/adamjovine/Documents/IJCAI/LISTEN-IJCAI/outputs/paper__REPS40__iters25__seed1234__20260511_163727_OLD/flights_chi_nyc/flights_chi_nyc__tournament__Complicated_structured__apigroq__llmllama-3.3-70b-versatile__B32__iters25__seed1490__20260511_163727.json
flights_chi_nyc,tournament,"persona,attributes,priorities",1491,0.5094130675526024,/Users/adamjovine/Documents/IJCAI/LISTEN-IJCAI/outputs/paper__REPS40__iters25__seed1234__20260511_163727_OLD/flights_chi_nyc/flights_chi_nyc__tournament__Complicated_structured__apigroq__llmllama-3.3-70b-versatile__B32__iters25__seed1491__20260511_163727.json
flights_chi_nyc,tournament,"persona,attributes,priorities",1492,0.013289036544850499,/Users/adamjovine/Documents/IJCAI/LISTEN-IJCAI/outputs/paper__REPS40__iters25__seed1234__20260511_163727_OLD/flights_chi_nyc/flights_chi_nyc__tournament__Complicated_structured__apigroq__llmllama-3.3-70b-versatile__B32__iters25__seed1492__20260511_163727.json
flights_chi_nyc,tournament,"persona,attributes,priorities",1493,0.5094130675526024,/Users/adamjovine/Documents/IJCAI/LISTEN-IJCAI/outputs/paper__REPS40__iters25__seed1234__20260511_163727_OLD/flights_chi_nyc/flights_chi_nyc__tournament__Complicated_structured__apigroq__llmllama-3.3-70b-versatile__B32__iters25__seed1493__20260511_163727.json
flights_chi_nyc,tournament,"persona,attributes,priorities",1494,0.5094130675526024,/Users/adamjovine/Documents/IJCAI/LISTEN-IJCAI/outputs/paper__REPS40__iters25__seed1234__20260511_163727_OLD/flights_chi_nyc/flights_chi_nyc__tournament__Complicated_structured__apigroq__llmllama-3.3-70b-versatile__B32__iters25__seed1494__20260511_163727.json
flights_chi_nyc,tournament,"persona,attributes,priorities",1495,0.5094130675526024,/Users/adamjovine/Documents/IJCAI/LISTEN-IJCAI/outputs/paper__REPS40__iters25__seed1234__20260511_163727_OLD/flights_chi_nyc/flights_chi_nyc__tournament__Complicated_structured__apigroq__llmllama-3.3-70b-versatile__B32__iters25__seed1495__20260511_163727.json
flights_chi_nyc,tournament,"persona,attributes,priorities",1496,0.009966777408637873,/Users/adamjovine/Documents/IJCAI/LISTEN-IJCAI/outputs/paper__REPS40__iters25__seed1234__20260511_163727_OLD/flights_chi_nyc/flights_chi_nyc__tournament__Complicated_structured__apigroq__llmllama-3.3-70b-versatile__B32__iters25__seed1496__20260511_163727.json
flights_chi_nyc,tournament,"persona,attributes,priorities",1497,0.01107419712070875,/Users/adamjovine/Documents/IJCAI/LISTEN-IJCAI/outputs/paper__REPS40__iters25__seed1234__20260511_163727_OLD/flights_chi_nyc/flights_chi_nyc__tournament__Complicated_structured__apigroq__llmllama-3.3-70b-versatile__B32__iters25__seed1497__20260511_163727.json
flights_chi_nyc,tournament,"persona,attributes,priorities",1498,0.5094130675526024,/Users/adamjovine/Documents/IJCAI/LISTEN-IJCAI/outputs/paper__REPS40__iters25__seed1234__20260511_163727_OLD/flights_chi_nyc/flights_chi_nyc__tournament__Complicated_structured__apigroq__llmllama-3.3-70b-versatile__B32__iters25__seed1498__20260511_163727.json
flights_chi_nyc,tournament,"persona,attributes,priorities",1499,0.5094130675526024,/Users/adamjovine/Documents/IJCAI/LISTEN-IJCAI/outputs/paper__REPS40__iters25__seed1234__20260511_163727_OLD/flights_chi_nyc/flights_chi_nyc__tournament__Complicated_structured__apigroq__llmllama-3.3-70b-versatile__B32__iters25__seed1499__20260511_163727.json
flights_chi_nyc,tournament,"persona,attributes,priorities",1500,0.009966777408637873,/Users/adamjovine/Documents/IJCAI/LISTEN-IJCAI/outputs/paper__REPS40__iters25__seed1234__20260511_163727_OLD/flights_chi_nyc/flights_chi_nyc__tournament__Complicated_structured__apigroq__llmllama-3.3-70b-versatile__B32__iters25__seed1500__20260511_163727.json
flights_chi_nyc,tournament,"persona,attributes,priorities",1501,0.5094130675526024,/Users/adamjovine/Documents/IJCAI/LISTEN-IJCAI/outputs/paper__REPS40__iters25__seed1234__20260511_163727_OLD/flights_chi_nyc/flights_chi_nyc__tournament__Complicated_structured__apigroq__llmllama-3.3-70b-versatile__B32__iters25__seed1501__20260511_163727.json
flights_chi_nyc,tournament,"persona,attributes,priorities",1502,0.5094130675526024,/Users/adamjovine/Documents/IJCAI/LISTEN-IJCAI/outputs/paper__REPS40__iters25__seed1234__20260511_163727_OLD/flights_chi_nyc/flights_chi_nyc__tournament__Complicated_structured__apigroq__llmllama-3.3-70b-versatile__B32__iters25__seed1502__20260511_163727.json
flights_chi_nyc,tournament,"persona,attributes,priorities",1503,0.5094130675526024,/Users/adamjovine/Documents/IJCAI/LISTEN-IJCAI/outputs/paper__REPS40__iters25__seed1234__20260511_163727_OLD/flights_chi_nyc/flights_chi_nyc__tournament__Complicated_structured__apigroq__llmllama-3.3-70b-versatile__B32__iters25__seed1503__20260511_163727.json
flights_chi_nyc,tournament,"persona,attributes,priorities",1504,0.5094130675526024,/Users/adamjovine/Documents/IJCAI/LISTEN-IJCAI/outputs/paper__REPS40__iters25__seed1234__20260511_163727_OLD/flights_chi_nyc/flights_chi_nyc__tournament__Complicated_structured__apigroq__llmllama-3.3-70b-versatile__B32__iters25__seed1504__20260511_163727.json
flights_chi_nyc,tournament,"persona,attributes,priorities",1505,0.5094130675526024,/Users/adamjovine/Documents/IJCAI/LISTEN-IJCAI/outputs/paper__REPS40__iters25__seed1234__20260511_163727_OLD/flights_chi_nyc/flights_chi_nyc__tournament__Complicated_structured__apigroq__llmllama-3.3-70b-versatile__B32__iters25__seed1505__20260511_163727.json
flights_chi_nyc,tournament,"persona,attributes,priorities",1506,0.009966777408637873,/Users/adamjovine/Documents/IJCAI/LISTEN-IJCAI/outputs/paper__REPS40__iters25__seed1234__20260511_163727_OLD/flights_chi_nyc/flights_chi_nyc__tournament__Complicated_structured__apigroq__llmllama-3.3-70b-versatile__B32__iters25__seed1506__20260511_163727.json
flights_chi_nyc,tournament,"persona,attributes,priorities",1507,0.5094130675526024,/Users/adamjovine/Documents/IJCAI/LISTEN-IJCAI/outputs/paper__REPS40__iters25__seed1234__20260511_163727_OLD/flights_chi_nyc/flights_chi_nyc__tournament__Complicated_structured__apigroq__llmllama-3.3-70b-versatile__B32__iters25__seed1507__20260511_163727.json
flights_chi_nyc,tournament,"persona,attributes,priorities",1508,0.5094130675526024,/Users/adamjovine/Documents/IJCAI/LISTEN-IJCAI/outputs/paper__REPS40__iters25__seed1234__20260511_163727_OLD/flights_chi_nyc/flights_chi_nyc__tournament__Complicated_structured__apigroq__llmllama-3.3-70b-versatile__B32__iters25__seed1508__20260511_163727.json
flights_chi_nyc,tournament,"persona,attributes,priorities",1509,0.5094130675526024,/Users/adamjovine/Documents/IJCAI/LISTEN-IJCAI/outputs/paper__REPS40__iters25__seed1234__20260511_163727_OLD/flights_chi_nyc/flights_chi_nyc__tournament__Complicated_structured__apigroq__llmllama-3.3-70b-versatile__B32__iters25__seed1509__20260511_163727.json
flights_chi_nyc,tournament,"persona,attributes,priorities",1510,0.5094130675526024,/Users/adamjovine/Documents/IJCAI/LISTEN-IJCAI/outputs/paper__REPS40__iters25__seed1234__20260511_163727_OLD/flights_chi_nyc/flights_chi_nyc__tournament__Complicated_structured__apigroq__llmllama-3.3-70b-versatile__B32__iters25__seed1510__20260511_163727.json
flights_chi_nyc,tournament,"persona,attributes,priorities",1511,0.5094130675526024,/Users/adamjovine/Documents/IJCAI/LISTEN-IJCAI/outputs/paper__REPS40__iters25__seed1234__20260511_163727_OLD/flights_chi_nyc/flights_chi_nyc__tournament__Complicated_structured__apigroq__llmllama-3.3-70b-versatile__B32__iters25__seed1511__20260511_163727.json
flights_chi_nyc,tournament,"persona,attributes,priorities",1512,0.5094130675526024,/Users/adamjovine/Documents/IJCAI/LISTEN-IJCAI/outputs/paper__REPS40__iters25__seed1234__20260511_163727_OLD/flights_chi_nyc/flights_chi_nyc__tournament__Complicated_structured__apigroq__llmllama-3.3-70b-versatile__B32__iters25__seed1512__20260511_163727.json
flights_chi_nyc,tournament,"persona,attributes,priorities",1513,0.5094130675526024,/Users/adamjovine/Documents/IJCAI/LISTEN-IJCAI/outputs/paper__REPS40__iters25__seed1234__20260511_163727_OLD/flights_chi_nyc/flights_chi_nyc__tournament__Complicated_structured__apigroq__llmllama-3.3-70b-versatile__B32__iters25__seed1513__20260511_163727.json
flights_chi_nyc,utility,"persona,attributes,priorities",1322,0.5094130675526024,/Users/adamjovine/Documents/IJCAI/LISTEN-IJCAI/outputs/paper__REPS40__iters25__seed1234__20260511_163727_OLD/flights_chi_nyc/flights_chi_nyc__utility__Complicated_structured__apigroq__llmllama-3.3-70b-versatile__B50__iters25__seed1322__20260512_152016.json
flights_chi_nyc,utility,"persona,attributes,priorities",1323,0.5094130675526024,/Users/adamjovine/Documents/IJCAI/LISTEN-IJCAI/outputs/paper__REPS40__iters25__seed1234__20260511_163727_OLD/flights_chi_nyc/flights_chi_nyc__utility__Complicated_structured__apigroq__llmllama-3.3-70b-versatile__B50__iters25__seed1323__20260512_152016.json
flights_chi_nyc,utility,"persona,attributes,priorities",1324,0.5094130675526024,/Users/adamjovine/Documents/IJCAI/LISTEN-IJCAI/outputs/paper__REPS40__iters25__seed1234__20260511_163727_OLD/flights_chi_nyc/flights_chi_nyc__utility__Complicated_structured__apigroq__llmllama-3.3-70b-versatile__B50__iters25__seed1324__20260512_152016.json
flights_chi_nyc,utility,"persona,attributes,priorities",1325,0.5094130675526024,/Users/adamjovine/Documents/IJCAI/LISTEN-IJCAI/outputs/paper__REPS40__iters25__seed1234__20260511_163727_OLD/flights_chi_nyc/flights_chi_nyc__utility__Complicated_structured__apigroq__llmllama-3.3-70b-versatile__B50__iters25__seed1325__20260512_152016.json
flights_chi_nyc,utility,"persona,attributes,priorities",1326,0.5094130675526024,/Users/adamjovine/Documents/IJCAI/LISTEN-IJCAI/outputs/paper__REPS40__iters25__seed1234__20260511_163727_OLD/flights_chi_nyc/flights_chi_nyc__utility__Complicated_structured__apigroq__llmllama-3.3-70b-versatile__B50__iters25__seed1326__20260512_152016.json
flights_chi_nyc,utility,"persona,attributes,priorities",1327,0.5094130675526024,/Users/adamjovine/Documents/IJCAI/LISTEN-IJCAI/outputs/paper__REPS40__iters25__seed1234__20260511_163727_OLD/flights_chi_nyc/flights_chi_nyc__utility__Complicated_structured__apigroq__llmllama-3.3-70b-versatile__B50__iters25__seed1327__20260512_152016.json
flights_chi_nyc,utility,"persona,attributes,priorities",1328,0.5094130675526024,/Users/adamjovine/Documents/IJCAI/LISTEN-IJCAI/outputs/paper__REPS40__iters25__seed1234__20260511_163727_OLD/flights_chi_nyc/flights_chi_nyc__utility__Complicated_structured__apigroq__llmllama-3.3-70b-versatile__B50__iters25__seed1328__20260512_152016.json
flights_chi_nyc,utility,"persona,attributes,priorities",1329,0.5094130675526024,/Users/adamjovine/Documents/IJCAI/LISTEN-IJCAI/outputs/paper__REPS40__iters25__seed1234__20260511_163727_OLD/flights_chi_nyc/flights_chi_nyc__utility__Complicated_structured__apigroq__llmllama-3.3-70b-versatile__B50__iters25__seed1329__20260512_152016.json
flights_chi_nyc,utility,"persona,attributes,priorities",1330,0.5094130675526024,/Users/adamjovine/Documents/IJCAI/LISTEN-IJCAI/outputs/paper__REPS40__iters25__seed1234__20260511_163727_OLD/flights_chi_nyc/flights_chi_nyc__utility__Complicated_structured__apigroq__llmllama-3.3-70b-versatile__B50__iters25__seed1330__20260512_152016.json
flights_chi_nyc,utility,"persona,attributes,priorities",1331,0.5094130675526024,/Users/adamjovine/Documents/IJCAI/LISTEN-IJCAI/outputs/paper__REPS40__iters25__seed1234__20260511_163727_OLD/flights_chi_nyc/flights_chi_nyc__utility__Complicated_structured__apigroq__llmllama-3.3-70b-versatile__B50__iters25__seed1331__20260512_152016.json
flights_chi_nyc,utility,"persona,attributes,priorities",1332,0.5094130675526024,/Users/adamjovine/Documents/IJCAI/LISTEN-IJCAI/outputs/paper__REPS40__iters25__seed1234__20260511_163727_OLD/flights_chi_nyc/flights_chi_nyc__utility__Complicated_structured__apigroq__llmllama-3.3-70b-versatile__B50__iters25__seed1332__20260512_152016.json
flights_chi_nyc,utility,"persona,attributes,priorities",1333,0.5094130675526024,/Users/adamjovine/Documents/IJCAI/LISTEN-IJCAI/outputs/paper__REPS40__iters25__seed1234__20260511_163727_OLD/flights_chi_nyc/flights_chi_nyc__utility__Complicated_structured__apigroq__llmllama-3.3-70b-versatile__B50__iters25__seed1333__20260512_152016.json
flights_chi_nyc,utility,"persona,attributes,priorities",1334,0.5094130675526024,/Users/adamjovine/Documents/IJCAI/LISTEN-IJCAI/outputs/paper__REPS40__iters25__seed1234__20260511_163727_OLD/flights_chi_nyc/flights_chi_nyc__utility__Complicated_structured__apigroq__llmllama-3.3-70b-versatile__B50__iters25__seed1334__20260512_152016.json
flights_chi_nyc,utility,"persona,attributes,priorities",1335,0.5094130675526024,/Users/adamjovine/Documents/IJCAI/LISTEN-IJCAI/outputs/paper__REPS40__iters25__seed1234__20260511_163727_OLD/flights_chi_nyc/flights_chi_nyc__utility__Complicated_structured__apigroq__llmllama-3.3-70b-versatile__B50__iters25__seed1335__20260512_152016.json
flights_chi_nyc,utility,"persona,attributes,priorities",1336,0.5094130675526024,/Users/adamjovine/Documents/IJCAI/LISTEN-IJCAI/outputs/paper__REPS40__iters25__seed1234__20260511_163727_OLD/flights_chi_nyc/flights_chi_nyc__utility__Complicated_structured__apigroq__llmllama-3.3-70b-versatile__B50__iters25__seed1336__20260512_152016.json
flights_chi_nyc,utility,"persona,attributes,priorities",1337,0.5094130675526024,/Users/adamjovine/Documents/IJCAI/LISTEN-IJCAI/outputs/paper__REPS40__iters25__seed1234__20260511_163727_OLD/flights_chi_nyc/flights_chi_nyc__utility__Complicated_structured__apigroq__llmllama-3.3-70b-versatile__B50__iters25__seed1337__20260512_152016.json
flights_chi_nyc,utility,"persona,attributes,priorities",1338,0.5094130675526024,/Users/adamjovine/Documents/IJCAI/LISTEN-IJCAI/outputs/paper__REPS40__iters25__seed1234__20260511_163727_OLD/flights_chi_nyc/flights_chi_nyc__utility__Complicated_structured__apigroq__llmllama-3.3-70b-versatile__B50__iters25__seed1338__20260512_152016.json
flights_chi_nyc,utility,"persona,attributes,priorities",1339,0.5094130675526024,/Users/adamjovine/Documents/IJCAI/LISTEN-IJCAI/outputs/paper__REPS40__iters25__seed1234__20260511_163727_OLD/flights_chi_nyc/flights_chi_nyc__utility__Complicated_structured__apigroq__llmllama-3.3-70b-versatile__B50__iters25__seed1339__20260512_152016.json
flights_chi_nyc,utility,"persona,attributes,priorities",1340,0.5094130675526024,/Users/adamjovine/Documents/IJCAI/LISTEN-IJCAI/outputs/paper__REPS40__iters25__seed1234__20260511_163727_OLD/flights_chi_nyc/flights_chi_nyc__utility__Complicated_structured__apigroq__llmllama-3.3-70b-versatile__B50__iters25__seed1340__20260512_152016.json
flights_chi_nyc,utility,"persona,attributes,priorities",1341,0.5094130675526024,/Users/adamjovine/Documents/IJCAI/LISTEN-IJCAI/outputs/paper__REPS40__iters25__seed1234__20260511_163727_OLD/flights_chi_nyc/flights_chi_nyc__utility__Complicated_structured__apigroq__llmllama-3.3-70b-versatile__B50__iters25__seed1341__20260512_152016.json
flights_chi_nyc,utility,"persona,attributes,priorities",1342,0.5094130675526024,/Users/adamjovine/Documents/IJCAI/LISTEN-IJCAI/outputs/paper__REPS40__iters25__seed1234__20260511_163727_OLD/flights_chi_nyc/flights_chi_nyc__utility__Complicated_structured__apigroq__llmllama-3.3-70b-versatile__B50__iters25__seed1342__20260512_152016.json
flights_chi_nyc,utility,"persona,attributes,priorities",1343,0.5094130675526024,/Users/adamjovine/Documents/IJCAI/LISTEN-IJCAI/outputs/paper__REPS40__iters25__seed1234__20260511_163727_OLD/flights_chi_nyc/flights_chi_nyc__utility__Complicated_structured__apigroq__llmllama-3.3-70b-versatile__B50__iters25__seed1343__20260512_152016.json
flights_chi_nyc,utility,"persona,attributes,priorities",1344,0.5094130675526024,/Users/adamjovine/Documents/IJCAI/LISTEN-IJCAI/outputs/paper__REPS40__iters25__seed1234__20260511_163727_OLD/flights_chi_nyc/flights_chi_nyc__utility__Complicated_structured__apigroq__llmllama-3.3-70b-versatile__B50__iters25__seed1344__20260512_152016.json
flights_chi_nyc,utility,"persona,attributes,priorities",1345,0.5094130675526024,/Users/adamjovine/Documents/IJCAI/LISTEN-IJCAI/outputs/paper__REPS40__iters25__seed1234__20260511_163727_OLD/flights_chi_nyc/flights_chi_nyc__utility__Complicated_structured__apigroq__llmllama-3.3-70b-versatile__B50__iters25__seed1345__20260512_152016.json
flights_chi_nyc,utility,"persona,attributes,priorities",1346,0.5094130675526024,/Users/adamjovine/Documents/IJCAI/LISTEN-IJCAI/outputs/paper__REPS40__iters25__seed1234__20260511_163727_OLD/flights_chi_nyc/flights_chi_nyc__utility__Complicated_structured__apigroq__llmllama-3.3-70b-versatile__B50__iters25__seed1346__20260512_152016.json
flights_chi_nyc,utility,"persona,attributes,priorities",1347,0.5094130675526024,/Users/adamjovine/Documents/IJCAI/LISTEN-IJCAI/outputs/paper__REPS40__iters25__seed1234__20260511_163727_OLD/flights_chi_nyc/flights_chi_nyc__utility__Complicated_structured__apigroq__llmllama-3.3-70b-versatile__B50__iters25__seed1347__20260512_152016.json
flights_chi_nyc,utility,"persona,attributes,priorities",1348,0.5094130675526024,/Users/adamjovine/Documents/IJCAI/LISTEN-IJCAI/outputs/paper__REPS40__iters25__seed1234__20260511_163727_OLD/flights_chi_nyc/flights_chi_nyc__utility__Complicated_structured__apigroq__llmllama-3.3-70b-versatile__B50__iters25__seed1348__20260512_152016.json
flights_chi_nyc,utility,"persona,attributes,priorities",1349,0.5094130675526024,/Users/adamjovine/Documents/IJCAI/LISTEN-IJCAI/outputs/paper__REPS40__iters25__seed1234__20260511_163727_OLD/flights_chi_nyc/flights_chi_nyc__utility__Complicated_structured__apigroq__llmllama-3.3-70b-versatile__B50__iters25__seed1349__20260512_152016.json
flights_chi_nyc,utility,"persona,attributes,priorities",1350,0.5094130675526024,/Users/adamjovine/Documents/IJCAI/LISTEN-IJCAI/outputs/paper__REPS40__iters25__seed1234__20260511_163727_OLD/flights_chi_nyc/flights_chi_nyc__utility__Complicated_structured__apigroq__llmllama-3.3-70b-versatile__B50__iters25__seed1350__20260512_152016.json
flights_chi_nyc,utility,"persona,attributes,priorities",1351,0.5094130675526024,/Users/adamjovine/Documents/IJCAI/LISTEN-IJCAI/outputs/paper__REPS40__iters25__seed1234__20260511_163727_OLD/flights_chi_nyc/flights_chi_nyc__utility__Complicated_structured__apigroq__llmllama-3.3-70b-versatile__B50__iters25__seed1351__20260512_152016.json
flights_chi_nyc,utility,"persona,attributes,priorities",1352,0.5094130675526024,/Users/adamjovine/Documents/IJCAI/LISTEN-IJCAI/outputs/paper__REPS40__iters25__seed1234__20260511_163727_OLD/flights_chi_nyc/flights_chi_nyc__utility__Complicated_structured__apigroq__llmllama-3.3-70b-versatile__B50__iters25__seed1352__20260512_152016.json
flights_chi_nyc,utility,"persona,attributes,priorities",1353,0.5094130675526024,/Users/adamjovine/Documents/IJCAI/LISTEN-IJCAI/outputs/paper__REPS40__iters25__seed1234__20260511_163727_OLD/flights_chi_nyc/flights_chi_nyc__utility__Complicated_structured__apigroq__llmllama-3.3-70b-versatile__B50__iters25__seed1353__20260512_152016.json
flights_chi_nyc,utility,"persona,attributes,priorities",1354,0.5094130675526024,/Users/adamjovine/Documents/IJCAI/LISTEN-IJCAI/outputs/paper__REPS40__iters25__seed1234__20260511_163727_OLD/flights_chi_nyc/flights_chi_nyc__utility__Complicated_structured__apigroq__llmllama-3.3-70b-versatile__B50__iters25__seed1354__20260512_152016.json
flights_chi_nyc,utility,"persona,attributes,priorities",1355,0.5094130675526024,/Users/adamjovine/Documents/IJCAI/LISTEN-IJCAI/outputs/paper__REPS40__iters25__seed1234__20260511_163727_OLD/flights_chi_nyc/flights_chi_nyc__utility__Complicated_structured__apigroq__llmllama-3.3-70b-versatile__B50__iters25__seed1355__20260512_152016.json
flights_chi_nyc,utility,"persona,attributes,priorities",1356,0.5094130675526024,/Users/adamjovine/Documents/IJCAI/LISTEN-IJCAI/outputs/paper__REPS40__iters25__seed1234__20260511_163727_OLD/flights_chi_nyc/flights_chi_nyc__utility__Complicated_structured__apigroq__llmllama-3.3-70b-versatile__B50__iters25__seed1356__20260512_152016.json
flights_chi_nyc,utility,"persona,attributes,priorities",1357,0.5094130675526024,/Users/adamjovine/Documents/IJCAI/LISTEN-IJCAI/outputs/paper__REPS40__iters25__seed1234__20260511_163727_OLD/flights_chi_nyc/flights_chi_nyc__utility__Complicated_structured__apigroq__llmllama-3.3-70b-versatile__B50__iters25__seed1357__20260512_152016.json
flights_chi_nyc,utility,"persona,attributes,priorities",1358,0.5094130675526024,/Users/adamjovine/Documents/IJCAI/LISTEN-IJCAI/outputs/paper__REPS40__iters25__seed1234__20260511_163727_OLD/flights_chi_nyc/flights_chi_nyc__utility__Complicated_structured__apigroq__llmllama-3.3-70b-versatile__B50__iters25__seed1358__20260512_152016.json
flights_chi_nyc,utility,"persona,attributes,priorities",1359,0.5094130675526024,/Users/adamjovine/Documents/IJCAI/LISTEN-IJCAI/outputs/paper__REPS40__iters25__seed1234__20260511_163727_OLD/flights_chi_nyc/flights_chi_nyc__utility__Complicated_structured__apigroq__llmllama-3.3-70b-versatile__B50__iters25__seed1359__20260512_152016.json
flights_chi_nyc,utility,"persona,attributes,priorities",1360,0.5094130675526024,/Users/adamjovine/Documents/IJCAI/LISTEN-IJCAI/outputs/paper__REPS40__iters25__seed1234__20260511_163727_OLD/flights_chi_nyc/flights_chi_nyc__utility__Complicated_structured__apigroq__llmllama-3.3-70b-versatile__B50__iters25__seed1360__20260512_152016.json
flights_chi_nyc,utility,"persona,attributes,priorities",1361,0.5094130675526024,/Users/adamjovine/Documents/IJCAI/LISTEN-IJCAI/outputs/paper__REPS40__iters25__seed1234__20260511_163727_OLD/flights_chi_nyc/flights_chi_nyc__utility__Complicated_structured__apigroq__llmllama-3.3-70b-versatile__B50__iters25__seed1361__20260512_152016.json
