source_type,column,algo,entry_index,nar,api_model,model_name,scenario,mode,batch_size,section_order,seed,run_stamp,json_path,algo_label
json_run,Flights CHI->NYC,tournament,1,0.016611,groq,llama-3.3-70b-versatile,flights_chi_nyc,Complicated_structured,32,"persona,attributes,priorities",1474,20260511_163727,/Users/adamjovine/Documents/IJCAI/LISTEN-IJCAI/outputs/paper__REPS40__iters25__seed1234__20260511_163727/flights_chi_nyc/flights_chi_nyc__tournament__Complicated_structured__apigroq__llmllama-3.3-70b-versatile__B32__iters25__seed1474__20260511_163727.json,TournamentExperiment
json_run,Flights CHI->NYC,tournament,2,0.509413,groq,llama-3.3-70b-versatile,flights_chi_nyc,Complicated_structured,32,"persona,attributes,priorities",1475,20260511_163727,/Users/adamjovine/Documents/IJCAI/LISTEN-IJCAI/outputs/paper__REPS40__iters25__seed1234__20260511_163727/flights_chi_nyc/flights_chi_nyc__tournament__Complicated_structured__apigroq__llmllama-3.3-70b-versatile__B32__iters25__seed1475__20260511_163727.json,TournamentExperiment
json_run,Flights CHI->NYC,tournament,3,0.509413,groq,llama-3.3-70b-versatile,flights_chi_nyc,Complicated_structured,32,"persona,attributes,priorities",1476,20260511_163727,/Users/adamjovine/Documents/IJCAI/LISTEN-IJCAI/outputs/paper__REPS40__iters25__seed1234__20260511_163727/flights_chi_nyc/flights_chi_nyc__tournament__Complicated_structured__apigroq__llmllama-3.3-70b-versatile__B32__iters25__seed1476__20260511_163727.json,TournamentExperiment
json_run,Flights CHI->NYC,tournament,4,0.509413,groq,llama-3.3-70b-versatile,flights_chi_nyc,Complicated_structured,32,"persona,attributes,priorities",1477,20260511_163727,/Users/adamjovine/Documents/IJCAI/LISTEN-IJCAI/outputs/paper__REPS40__iters25__seed1234__20260511_163727/flights_chi_nyc/flights_chi_nyc__tournament__Complicated_structured__apigroq__llmllama-3.3-70b-versatile__B32__iters25__seed1477__20260511_163727.json,TournamentExperiment
json_run,Flights CHI->NYC,tournament,5,0.509413,groq,llama-3.3-70b-versatile,flights_chi_nyc,Complicated_structured,32,"persona,attributes,priorities",1478,20260511_163727,/Users/adamjovine/Documents/IJCAI/LISTEN-IJCAI/outputs/paper__REPS40__iters25__seed1234__20260511_163727/flights_chi_nyc/flights_chi_nyc__tournament__Complicated_structured__apigroq__llmllama-3.3-70b-versatile__B32__iters25__seed1478__20260511_163727.json,TournamentExperiment
json_run,Flights CHI->NYC,tournament,6,0.509413,groq,llama-3.3-70b-versatile,flights_chi_nyc,Complicated_structured,32,"persona,attributes,priorities",1479,20260511_163727,/Users/adamjovine/Documents/IJCAI/LISTEN-IJCAI/outputs/paper__REPS40__iters25__seed1234__20260511_163727/flights_chi_nyc/flights_chi_nyc__tournament__Complicated_structured__apigroq__llmllama-3.3-70b-versatile__B32__iters25__seed1479__20260511_163727.json,TournamentExperiment
json_run,Flights CHI->NYC,tournament,7,0.509413,groq,llama-3.3-70b-versatile,flights_chi_nyc,Complicated_structured,32,"persona,attributes,priorities",1480,20260511_163727,/Users/adamjovine/Documents/IJCAI/LISTEN-IJCAI/outputs/paper__REPS40__iters25__seed1234__20260511_163727/flights_chi_nyc/flights_chi_nyc__tournament__Complicated_structured__apigroq__llmllama-3.3-70b-versatile__B32__iters25__seed1480__20260511_163727.json,TournamentExperiment
json_run,Flights CHI->NYC,tournament,8,0.509413,groq,llama-3.3-70b-versatile,flights_chi_nyc,Complicated_structured,32,"persona,attributes,priorities",1481,20260511_163727,/Users/adamjovine/Documents/IJCAI/LISTEN-IJCAI/outputs/paper__REPS40__iters25__seed1234__20260511_163727/flights_chi_nyc/flights_chi_nyc__tournament__Complicated_structured__apigroq__llmllama-3.3-70b-versatile__B32__iters25__seed1481__20260511_163727.json,TournamentExperiment
json_run,Flights CHI->NYC,tournament,9,0.509413,groq,llama-3.3-70b-versatile,flights_chi_nyc,Complicated_structured,32,"persona,attributes,priorities",1482,20260511_163727,/Users/adamjovine/Documents/IJCAI/LISTEN-IJCAI/outputs/paper__REPS40__iters25__seed1234__20260511_163727/flights_chi_nyc/flights_chi_nyc__tournament__Complicated_structured__apigroq__llmllama-3.3-70b-versatile__B32__iters25__seed1482__20260511_163727.json,TournamentExperiment
json_run,Flights CHI->NYC,tournament,10,0.013289,groq,llama-3.3-70b-versatile,flights_chi_nyc,Complicated_structured,32,"persona,attributes,priorities",1483,20260511_163727,/Users/adamjovine/Documents/IJCAI/LISTEN-IJCAI/outputs/paper__REPS40__iters25__seed1234__20260511_163727/flights_chi_nyc/flights_chi_nyc__tournament__Complicated_structured__apigroq__llmllama-3.3-70b-versatile__B32__iters25__seed1483__20260511_163727.json,TournamentExperiment
json_run,Flights CHI->NYC,tournament,11,0.509413,groq,llama-3.3-70b-versatile,flights_chi_nyc,Complicated_structured,32,"persona,attributes,priorities",1484,20260511_163727,/Users/adamjovine/Documents/IJCAI/LISTEN-IJCAI/outputs/paper__REPS40__iters25__seed1234__20260511_163727/flights_chi_nyc/flights_chi_nyc__tournament__Complicated_structured__apigroq__llmllama-3.3-70b-versatile__B32__iters25__seed1484__20260511_163727.json,TournamentExperiment
json_run,Flights CHI->NYC,tournament,12,0.509413,groq,llama-3.3-70b-versatile,flights_chi_nyc,Complicated_structured,32,"persona,attributes,priorities",1485,20260511_163727,/Users/adamjovine/Documents/IJCAI/LISTEN-IJCAI/outputs/paper__REPS40__iters25__seed1234__20260511_163727/flights_chi_nyc/flights_chi_nyc__tournament__Complicated_structured__apigroq__llmllama-3.3-70b-versatile__B32__iters25__seed1485__20260511_163727.json,TournamentExperiment
json_run,Flights CHI->NYC,tournament,13,0.509413,groq,llama-3.3-70b-versatile,flights_chi_nyc,Complicated_structured,32,"persona,attributes,priorities",1486,20260511_163727,/Users/adamjovine/Documents/IJCAI/LISTEN-IJCAI/outputs/paper__REPS40__iters25__seed1234__20260511_163727/flights_chi_nyc/flights_chi_nyc__tournament__Complicated_structured__apigroq__llmllama-3.3-70b-versatile__B32__iters25__seed1486__20260511_163727.json,TournamentExperiment
json_run,Flights CHI->NYC,tournament,14,0.001107,groq,llama-3.3-70b-versatile,flights_chi_nyc,Complicated_structured,32,"persona,attributes,priorities",1487,20260511_163727,/Users/adamjovine/Documents/IJCAI/LISTEN-IJCAI/outputs/paper__REPS40__iters25__seed1234__20260511_163727/flights_chi_nyc/flights_chi_nyc__tournament__Complicated_structured__apigroq__llmllama-3.3-70b-versatile__B32__iters25__seed1487__20260511_163727.json,TournamentExperiment
json_run,Flights CHI->NYC,tournament,15,0.509413,groq,llama-3.3-70b-versatile,flights_chi_nyc,Complicated_structured,32,"persona,attributes,priorities",1488,20260511_163727,/Users/adamjovine/Documents/IJCAI/LISTEN-IJCAI/outputs/paper__REPS40__iters25__seed1234__20260511_163727/flights_chi_nyc/flights_chi_nyc__tournament__Complicated_structured__apigroq__llmllama-3.3-70b-versatile__B32__iters25__seed1488__20260511_163727.json,TournamentExperiment
json_run,Flights CHI->NYC,tournament,16,0.509413,groq,llama-3.3-70b-versatile,flights_chi_nyc,Complicated_structured,32,"persona,attributes,priorities",1489,20260511_163727,/Users/adamjovine/Documents/IJCAI/LISTEN-IJCAI/outputs/paper__REPS40__iters25__seed1234__20260511_163727/flights_chi_nyc/flights_chi_nyc__tournament__Complicated_structured__apigroq__llmllama-3.3-70b-versatile__B32__iters25__seed1489__20260511_163727.json,TournamentExperiment
json_run,Flights CHI->NYC,tournament,17,0.016611,groq,llama-3.3-70b-versatile,flights_chi_nyc,Complicated_structured,32,"persona,attributes,priorities",1490,20260511_163727,/Users/adamjovine/Documents/IJCAI/LISTEN-IJCAI/outputs/paper__REPS40__iters25__seed1234__20260511_163727/flights_chi_nyc/flights_chi_nyc__tournament__Complicated_structured__apigroq__llmllama-3.3-70b-versatile__B32__iters25__seed1490__20260511_163727.json,TournamentExperiment
json_run,Flights CHI->NYC,tournament,18,0.509413,groq,llama-3.3-70b-versatile,flights_chi_nyc,Complicated_structured,32,"persona,attributes,priorities",1491,20260511_163727,/Users/adamjovine/Documents/IJCAI/LISTEN-IJCAI/outputs/paper__REPS40__iters25__seed1234__20260511_163727/flights_chi_nyc/flights_chi_nyc__tournament__Complicated_structured__apigroq__llmllama-3.3-70b-versatile__B32__iters25__seed1491__20260511_163727.json,TournamentExperiment
json_run,Flights CHI->NYC,tournament,19,0.013289,groq,llama-3.3-70b-versatile,flights_chi_nyc,Complicated_structured,32,"persona,attributes,priorities",1492,20260511_163727,/Users/adamjovine/Documents/IJCAI/LISTEN-IJCAI/outputs/paper__REPS40__iters25__seed1234__20260511_163727/flights_chi_nyc/flights_chi_nyc__tournament__Complicated_structured__apigroq__llmllama-3.3-70b-versatile__B32__iters25__seed1492__20260511_163727.json,TournamentExperiment
json_run,Flights CHI->NYC,tournament,20,0.509413,groq,llama-3.3-70b-versatile,flights_chi_nyc,Complicated_structured,32,"persona,attributes,priorities",1493,20260511_163727,/Users/adamjovine/Documents/IJCAI/LISTEN-IJCAI/outputs/paper__REPS40__iters25__seed1234__20260511_163727/flights_chi_nyc/flights_chi_nyc__tournament__Complicated_structured__apigroq__llmllama-3.3-70b-versatile__B32__iters25__seed1493__20260511_163727.json,TournamentExperiment
json_run,Flights CHI->NYC,tournament,21,0.509413,groq,llama-3.3-70b-versatile,flights_chi_nyc,Complicated_structured,32,"persona,attributes,priorities",1494,20260511_163727,/Users/adamjovine/Documents/IJCAI/LISTEN-IJCAI/outputs/paper__REPS40__iters25__seed1234__20260511_163727/flights_chi_nyc/flights_chi_nyc__tournament__Complicated_structured__apigroq__llmllama-3.3-70b-versatile__B32__iters25__seed1494__20260511_163727.json,TournamentExperiment
json_run,Flights CHI->NYC,tournament,22,0.509413,groq,llama-3.3-70b-versatile,flights_chi_nyc,Complicated_structured,32,"persona,attributes,priorities",1495,20260511_163727,/Users/adamjovine/Documents/IJCAI/LISTEN-IJCAI/outputs/paper__REPS40__iters25__seed1234__20260511_163727/flights_chi_nyc/flights_chi_nyc__tournament__Complicated_structured__apigroq__llmllama-3.3-70b-versatile__B32__iters25__seed1495__20260511_163727.json,TournamentExperiment
json_run,Flights CHI->NYC,tournament,23,0.009967,groq,llama-3.3-70b-versatile,flights_chi_nyc,Complicated_structured,32,"persona,attributes,priorities",1496,20260511_163727,/Users/adamjovine/Documents/IJCAI/LISTEN-IJCAI/outputs/paper__REPS40__iters25__seed1234__20260511_163727/flights_chi_nyc/flights_chi_nyc__tournament__Complicated_structured__apigroq__llmllama-3.3-70b-versatile__B32__iters25__seed1496__20260511_163727.json,TournamentExperiment
json_run,Flights CHI->NYC,tournament,24,0.011074,groq,llama-3.3-70b-versatile,flights_chi_nyc,Complicated_structured,32,"persona,attributes,priorities",1497,20260511_163727,/Users/adamjovine/Documents/IJCAI/LISTEN-IJCAI/outputs/paper__REPS40__iters25__seed1234__20260511_163727/flights_chi_nyc/flights_chi_nyc__tournament__Complicated_structured__apigroq__llmllama-3.3-70b-versatile__B32__iters25__seed1497__20260511_163727.json,TournamentExperiment
json_run,Flights CHI->NYC,tournament,25,0.509413,groq,llama-3.3-70b-versatile,flights_chi_nyc,Complicated_structured,32,"persona,attributes,priorities",1498,20260511_163727,/Users/adamjovine/Documents/IJCAI/LISTEN-IJCAI/outputs/paper__REPS40__iters25__seed1234__20260511_163727/flights_chi_nyc/flights_chi_nyc__tournament__Complicated_structured__apigroq__llmllama-3.3-70b-versatile__B32__iters25__seed1498__20260511_163727.json,TournamentExperiment
json_run,Flights CHI->NYC,tournament,26,0.509413,groq,llama-3.3-70b-versatile,flights_chi_nyc,Complicated_structured,32,"persona,attributes,priorities",1499,20260511_163727,/Users/adamjovine/Documents/IJCAI/LISTEN-IJCAI/outputs/paper__REPS40__iters25__seed1234__20260511_163727/flights_chi_nyc/flights_chi_nyc__tournament__Complicated_structured__apigroq__llmllama-3.3-70b-versatile__B32__iters25__seed1499__20260511_163727.json,TournamentExperiment
json_run,Flights CHI->NYC,tournament,27,0.009967,groq,llama-3.3-70b-versatile,flights_chi_nyc,Complicated_structured,32,"persona,attributes,priorities",1500,20260511_163727,/Users/adamjovine/Documents/IJCAI/LISTEN-IJCAI/outputs/paper__REPS40__iters25__seed1234__20260511_163727/flights_chi_nyc/flights_chi_nyc__tournament__Complicated_structured__apigroq__llmllama-3.3-70b-versatile__B32__iters25__seed1500__20260511_163727.json,TournamentExperiment
json_run,Flights CHI->NYC,tournament,28,0.509413,groq,llama-3.3-70b-versatile,flights_chi_nyc,Complicated_structured,32,"persona,attributes,priorities",1501,20260511_163727,/Users/adamjovine/Documents/IJCAI/LISTEN-IJCAI/outputs/paper__REPS40__iters25__seed1234__20260511_163727/flights_chi_nyc/flights_chi_nyc__tournament__Complicated_structured__apigroq__llmllama-3.3-70b-versatile__B32__iters25__seed1501__20260511_163727.json,TournamentExperiment
json_run,Flights CHI->NYC,tournament,29,0.509413,groq,llama-3.3-70b-versatile,flights_chi_nyc,Complicated_structured,32,"persona,attributes,priorities",1502,20260511_163727,/Users/adamjovine/Documents/IJCAI/LISTEN-IJCAI/outputs/paper__REPS40__iters25__seed1234__20260511_163727/flights_chi_nyc/flights_chi_nyc__tournament__Complicated_structured__apigroq__llmllama-3.3-70b-versatile__B32__iters25__seed1502__20260511_163727.json,TournamentExperiment
json_run,Flights CHI->NYC,tournament,30,0.509413,groq,llama-3.3-70b-versatile,flights_chi_nyc,Complicated_structured,32,"persona,attributes,priorities",1503,20260511_163727,/Users/adamjovine/Documents/IJCAI/LISTEN-IJCAI/outputs/paper__REPS40__iters25__seed1234__20260511_163727/flights_chi_nyc/flights_chi_nyc__tournament__Complicated_structured__apigroq__llmllama-3.3-70b-versatile__B32__iters25__seed1503__20260511_163727.json,TournamentExperiment
json_run,Flights CHI->NYC,tournament,31,0.509413,groq,llama-3.3-70b-versatile,flights_chi_nyc,Complicated_structured,32,"persona,attributes,priorities",1504,20260511_163727,/Users/adamjovine/Documents/IJCAI/LISTEN-IJCAI/outputs/paper__REPS40__iters25__seed1234__20260511_163727/flights_chi_nyc/flights_chi_nyc__tournament__Complicated_structured__apigroq__llmllama-3.3-70b-versatile__B32__iters25__seed1504__20260511_163727.json,TournamentExperiment
json_run,Flights CHI->NYC,tournament,32,0.509413,groq,llama-3.3-70b-versatile,flights_chi_nyc,Complicated_structured,32,"persona,attributes,priorities",1505,20260511_163727,/Users/adamjovine/Documents/IJCAI/LISTEN-IJCAI/outputs/paper__REPS40__iters25__seed1234__20260511_163727/flights_chi_nyc/flights_chi_nyc__tournament__Complicated_structured__apigroq__llmllama-3.3-70b-versatile__B32__iters25__seed1505__20260511_163727.json,TournamentExperiment
json_run,Flights CHI->NYC,tournament,33,0.009967,groq,llama-3.3-70b-versatile,flights_chi_nyc,Complicated_structured,32,"persona,attributes,priorities",1506,20260511_163727,/Users/adamjovine/Documents/IJCAI/LISTEN-IJCAI/outputs/paper__REPS40__iters25__seed1234__20260511_163727/flights_chi_nyc/flights_chi_nyc__tournament__Complicated_structured__apigroq__llmllama-3.3-70b-versatile__B32__iters25__seed1506__20260511_163727.json,TournamentExperiment
json_run,Flights CHI->NYC,tournament,34,0.509413,groq,llama-3.3-70b-versatile,flights_chi_nyc,Complicated_structured,32,"persona,attributes,priorities",1507,20260511_163727,/Users/adamjovine/Documents/IJCAI/LISTEN-IJCAI/outputs/paper__REPS40__iters25__seed1234__20260511_163727/flights_chi_nyc/flights_chi_nyc__tournament__Complicated_structured__apigroq__llmllama-3.3-70b-versatile__B32__iters25__seed1507__20260511_163727.json,TournamentExperiment
json_run,Flights CHI->NYC,tournament,35,0.509413,groq,llama-3.3-70b-versatile,flights_chi_nyc,Complicated_structured,32,"persona,attributes,priorities",1508,20260511_163727,/Users/adamjovine/Documents/IJCAI/LISTEN-IJCAI/outputs/paper__REPS40__iters25__seed1234__20260511_163727/flights_chi_nyc/flights_chi_nyc__tournament__Complicated_structured__apigroq__llmllama-3.3-70b-versatile__B32__iters25__seed1508__20260511_163727.json,TournamentExperiment
json_run,Flights CHI->NYC,tournament,36,0.509413,groq,llama-3.3-70b-versatile,flights_chi_nyc,Complicated_structured,32,"persona,attributes,priorities",1509,20260511_163727,/Users/adamjovine/Documents/IJCAI/LISTEN-IJCAI/outputs/paper__REPS40__iters25__seed1234__20260511_163727/flights_chi_nyc/flights_chi_nyc__tournament__Complicated_structured__apigroq__llmllama-3.3-70b-versatile__B32__iters25__seed1509__20260511_163727.json,TournamentExperiment
json_run,Flights CHI->NYC,tournament,37,0.509413,groq,llama-3.3-70b-versatile,flights_chi_nyc,Complicated_structured,32,"persona,attributes,priorities",1510,20260511_163727,/Users/adamjovine/Documents/IJCAI/LISTEN-IJCAI/outputs/paper__REPS40__iters25__seed1234__20260511_163727/flights_chi_nyc/flights_chi_nyc__tournament__Complicated_structured__apigroq__llmllama-3.3-70b-versatile__B32__iters25__seed1510__20260511_163727.json,TournamentExperiment
json_run,Flights CHI->NYC,tournament,38,0.509413,groq,llama-3.3-70b-versatile,flights_chi_nyc,Complicated_structured,32,"persona,attributes,priorities",1511,20260511_163727,/Users/adamjovine/Documents/IJCAI/LISTEN-IJCAI/outputs/paper__REPS40__iters25__seed1234__20260511_163727/flights_chi_nyc/flights_chi_nyc__tournament__Complicated_structured__apigroq__llmllama-3.3-70b-versatile__B32__iters25__seed1511__20260511_163727.json,TournamentExperiment
json_run,Flights CHI->NYC,tournament,39,0.509413,groq,llama-3.3-70b-versatile,flights_chi_nyc,Complicated_structured,32,"persona,attributes,priorities",1512,20260511_163727,/Users/adamjovine/Documents/IJCAI/LISTEN-IJCAI/outputs/paper__REPS40__iters25__seed1234__20260511_163727/flights_chi_nyc/flights_chi_nyc__tournament__Complicated_structured__apigroq__llmllama-3.3-70b-versatile__B32__iters25__seed1512__20260511_163727.json,TournamentExperiment
json_run,Flights CHI->NYC,tournament,40,0.509413,groq,llama-3.3-70b-versatile,flights_chi_nyc,Complicated_structured,32,"persona,attributes,priorities",1513,20260511_163727,/Users/adamjovine/Documents/IJCAI/LISTEN-IJCAI/outputs/paper__REPS40__iters25__seed1234__20260511_163727/flights_chi_nyc/flights_chi_nyc__tournament__Complicated_structured__apigroq__llmllama-3.3-70b-versatile__B32__iters25__seed1513__20260511_163727.json,TournamentExperiment
json_run,Flights CHI->NYC,utility,1,0.509413,groq,llama-3.3-70b-versatile,flights_chi_nyc,Complicated_structured,50,"persona,attributes,priorities",1322,20260512_152016,/Users/adamjovine/Documents/IJCAI/LISTEN-IJCAI/outputs/paper__REPS40__iters25__seed1234__20260511_163727/flights_chi_nyc/flights_chi_nyc__utility__Complicated_structured__apigroq__llmllama-3.3-70b-versatile__B50__iters25__seed1322__20260512_152016.json,UtilityExperiment
json_run,Flights CHI->NYC,utility,2,0.509413,groq,llama-3.3-70b-versatile,flights_chi_nyc,Complicated_structured,50,"persona,attributes,priorities",1323,20260512_152016,/Users/adamjovine/Documents/IJCAI/LISTEN-IJCAI/outputs/paper__REPS40__iters25__seed1234__20260511_163727/flights_chi_nyc/flights_chi_nyc__utility__Complicated_structured__apigroq__llmllama-3.3-70b-versatile__B50__iters25__seed1323__20260512_152016.json,UtilityExperiment
json_run,Flights CHI->NYC,utility,3,0.509413,groq,llama-3.3-70b-versatile,flights_chi_nyc,Complicated_structured,50,"persona,attributes,priorities",1324,20260512_152016,/Users/adamjovine/Documents/IJCAI/LISTEN-IJCAI/outputs/paper__REPS40__iters25__seed1234__20260511_163727/flights_chi_nyc/flights_chi_nyc__utility__Complicated_structured__apigroq__llmllama-3.3-70b-versatile__B50__iters25__seed1324__20260512_152016.json,UtilityExperiment
json_run,Flights CHI->NYC,utility,4,0.509413,groq,llama-3.3-70b-versatile,flights_chi_nyc,Complicated_structured,50,"persona,attributes,priorities",1325,20260512_152016,/Users/adamjovine/Documents/IJCAI/LISTEN-IJCAI/outputs/paper__REPS40__iters25__seed1234__20260511_163727/flights_chi_nyc/flights_chi_nyc__utility__Complicated_structured__apigroq__llmllama-3.3-70b-versatile__B50__iters25__seed1325__20260512_152016.json,UtilityExperiment
json_run,Flights CHI->NYC,utility,5,0.509413,groq,llama-3.3-70b-versatile,flights_chi_nyc,Complicated_structured,50,"persona,attributes,priorities",1326,20260512_152016,/Users/adamjovine/Documents/IJCAI/LISTEN-IJCAI/outputs/paper__REPS40__iters25__seed1234__20260511_163727/flights_chi_nyc/flights_chi_nyc__utility__Complicated_structured__apigroq__llmllama-3.3-70b-versatile__B50__iters25__seed1326__20260512_152016.json,UtilityExperiment
json_run,Flights CHI->NYC,utility,6,0.509413,groq,llama-3.3-70b-versatile,flights_chi_nyc,Complicated_structured,50,"persona,attributes,priorities",1327,20260512_152016,/Users/adamjovine/Documents/IJCAI/LISTEN-IJCAI/outputs/paper__REPS40__iters25__seed1234__20260511_163727/flights_chi_nyc/flights_chi_nyc__utility__Complicated_structured__apigroq__llmllama-3.3-70b-versatile__B50__iters25__seed1327__20260512_152016.json,UtilityExperiment
json_run,Flights CHI->NYC,utility,7,0.509413,groq,llama-3.3-70b-versatile,flights_chi_nyc,Complicated_structured,50,"persona,attributes,priorities",1328,20260512_152016,/Users/adamjovine/Documents/IJCAI/LISTEN-IJCAI/outputs/paper__REPS40__iters25__seed1234__20260511_163727/flights_chi_nyc/flights_chi_nyc__utility__Complicated_structured__apigroq__llmllama-3.3-70b-versatile__B50__iters25__seed1328__20260512_152016.json,UtilityExperiment
json_run,Flights CHI->NYC,utility,8,0.509413,groq,llama-3.3-70b-versatile,flights_chi_nyc,Complicated_structured,50,"persona,attributes,priorities",1329,20260512_152016,/Users/adamjovine/Documents/IJCAI/LISTEN-IJCAI/outputs/paper__REPS40__iters25__seed1234__20260511_163727/flights_chi_nyc/flights_chi_nyc__utility__Complicated_structured__apigroq__llmllama-3.3-70b-versatile__B50__iters25__seed1329__20260512_152016.json,UtilityExperiment
json_run,Flights CHI->NYC,utility,9,0.509413,groq,llama-3.3-70b-versatile,flights_chi_nyc,Complicated_structured,50,"persona,attributes,priorities",1330,20260512_152016,/Users/adamjovine/Documents/IJCAI/LISTEN-IJCAI/outputs/paper__REPS40__iters25__seed1234__20260511_163727/flights_chi_nyc/flights_chi_nyc__utility__Complicated_structured__apigroq__llmllama-3.3-70b-versatile__B50__iters25__seed1330__20260512_152016.json,UtilityExperiment
json_run,Flights CHI->NYC,utility,10,0.509413,groq,llama-3.3-70b-versatile,flights_chi_nyc,Complicated_structured,50,"persona,attributes,priorities",1331,20260512_152016,/Users/adamjovine/Documents/IJCAI/LISTEN-IJCAI/outputs/paper__REPS40__iters25__seed1234__20260511_163727/flights_chi_nyc/flights_chi_nyc__utility__Complicated_structured__apigroq__llmllama-3.3-70b-versatile__B50__iters25__seed1331__20260512_152016.json,UtilityExperiment
json_run,Flights CHI->NYC,utility,11,0.509413,groq,llama-3.3-70b-versatile,flights_chi_nyc,Complicated_structured,50,"persona,attributes,priorities",1332,20260512_152016,/Users/adamjovine/Documents/IJCAI/LISTEN-IJCAI/outputs/paper__REPS40__iters25__seed1234__20260511_163727/flights_chi_nyc/flights_chi_nyc__utility__Complicated_structured__apigroq__llmllama-3.3-70b-versatile__B50__iters25__seed1332__20260512_152016.json,UtilityExperiment
json_run,Flights CHI->NYC,utility,12,0.509413,groq,llama-3.3-70b-versatile,flights_chi_nyc,Complicated_structured,50,"persona,attributes,priorities",1333,20260512_152016,/Users/adamjovine/Documents/IJCAI/LISTEN-IJCAI/outputs/paper__REPS40__iters25__seed1234__20260511_163727/flights_chi_nyc/flights_chi_nyc__utility__Complicated_structured__apigroq__llmllama-3.3-70b-versatile__B50__iters25__seed1333__20260512_152016.json,UtilityExperiment
json_run,Flights CHI->NYC,utility,13,0.509413,groq,llama-3.3-70b-versatile,flights_chi_nyc,Complicated_structured,50,"persona,attributes,priorities",1334,20260512_152016,/Users/adamjovine/Documents/IJCAI/LISTEN-IJCAI/outputs/paper__REPS40__iters25__seed1234__20260511_163727/flights_chi_nyc/flights_chi_nyc__utility__Complicated_structured__apigroq__llmllama-3.3-70b-versatile__B50__iters25__seed1334__20260512_152016.json,UtilityExperiment
json_run,Flights CHI->NYC,utility,14,0.509413,groq,llama-3.3-70b-versatile,flights_chi_nyc,Complicated_structured,50,"persona,attributes,priorities",1335,20260512_152016,/Users/adamjovine/Documents/IJCAI/LISTEN-IJCAI/outputs/paper__REPS40__iters25__seed1234__20260511_163727/flights_chi_nyc/flights_chi_nyc__utility__Complicated_structured__apigroq__llmllama-3.3-70b-versatile__B50__iters25__seed1335__20260512_152016.json,UtilityExperiment
json_run,Flights CHI->NYC,utility,15,0.509413,groq,llama-3.3-70b-versatile,flights_chi_nyc,Complicated_structured,50,"persona,attributes,priorities",1336,20260512_152016,/Users/adamjovine/Documents/IJCAI/LISTEN-IJCAI/outputs/paper__REPS40__iters25__seed1234__20260511_163727/flights_chi_nyc/flights_chi_nyc__utility__Complicated_structured__apigroq__llmllama-3.3-70b-versatile__B50__iters25__seed1336__20260512_152016.json,UtilityExperiment
json_run,Flights CHI->NYC,utility,16,0.509413,groq,llama-3.3-70b-versatile,flights_chi_nyc,Complicated_structured,50,"persona,attributes,priorities",1337,20260512_152016,/Users/adamjovine/Documents/IJCAI/LISTEN-IJCAI/outputs/paper__REPS40__iters25__seed1234__20260511_163727/flights_chi_nyc/flights_chi_nyc__utility__Complicated_structured__apigroq__llmllama-3.3-70b-versatile__B50__iters25__seed1337__20260512_152016.json,UtilityExperiment
json_run,Flights CHI->NYC,utility,17,0.509413,groq,llama-3.3-70b-versatile,flights_chi_nyc,Complicated_structured,50,"persona,attributes,priorities",1338,20260512_152016,/Users/adamjovine/Documents/IJCAI/LISTEN-IJCAI/outputs/paper__REPS40__iters25__seed1234__20260511_163727/flights_chi_nyc/flights_chi_nyc__utility__Complicated_structured__apigroq__llmllama-3.3-70b-versatile__B50__iters25__seed1338__20260512_152016.json,UtilityExperiment
json_run,Flights CHI->NYC,utility,18,0.509413,groq,llama-3.3-70b-versatile,flights_chi_nyc,Complicated_structured,50,"persona,attributes,priorities",1339,20260512_152016,/Users/adamjovine/Documents/IJCAI/LISTEN-IJCAI/outputs/paper__REPS40__iters25__seed1234__20260511_163727/flights_chi_nyc/flights_chi_nyc__utility__Complicated_structured__apigroq__llmllama-3.3-70b-versatile__B50__iters25__seed1339__20260512_152016.json,UtilityExperiment
json_run,Flights CHI->NYC,utility,19,0.509413,groq,llama-3.3-70b-versatile,flights_chi_nyc,Complicated_structured,50,"persona,attributes,priorities",1340,20260512_152016,/Users/adamjovine/Documents/IJCAI/LISTEN-IJCAI/outputs/paper__REPS40__iters25__seed1234__20260511_163727/flights_chi_nyc/flights_chi_nyc__utility__Complicated_structured__apigroq__llmllama-3.3-70b-versatile__B50__iters25__seed1340__20260512_152016.json,UtilityExperiment
json_run,Flights CHI->NYC,utility,20,0.509413,groq,llama-3.3-70b-versatile,flights_chi_nyc,Complicated_structured,50,"persona,attributes,priorities",1341,20260512_152016,/Users/adamjovine/Documents/IJCAI/LISTEN-IJCAI/outputs/paper__REPS40__iters25__seed1234__20260511_163727/flights_chi_nyc/flights_chi_nyc__utility__Complicated_structured__apigroq__llmllama-3.3-70b-versatile__B50__iters25__seed1341__20260512_152016.json,UtilityExperiment
json_run,Flights CHI->NYC,utility,21,0.509413,groq,llama-3.3-70b-versatile,flights_chi_nyc,Complicated_structured,50,"persona,attributes,priorities",1342,20260512_152016,/Users/adamjovine/Documents/IJCAI/LISTEN-IJCAI/outputs/paper__REPS40__iters25__seed1234__20260511_163727/flights_chi_nyc/flights_chi_nyc__utility__Complicated_structured__apigroq__llmllama-3.3-70b-versatile__B50__iters25__seed1342__20260512_152016.json,UtilityExperiment
json_run,Flights CHI->NYC,utility,22,0.509413,groq,llama-3.3-70b-versatile,flights_chi_nyc,Complicated_structured,50,"persona,attributes,priorities",1343,20260512_152016,/Users/adamjovine/Documents/IJCAI/LISTEN-IJCAI/outputs/paper__REPS40__iters25__seed1234__20260511_163727/flights_chi_nyc/flights_chi_nyc__utility__Complicated_structured__apigroq__llmllama-3.3-70b-versatile__B50__iters25__seed1343__20260512_152016.json,UtilityExperiment
json_run,Flights CHI->NYC,utility,23,0.509413,groq,llama-3.3-70b-versatile,flights_chi_nyc,Complicated_structured,50,"persona,attributes,priorities",1344,20260512_152016,/Users/adamjovine/Documents/IJCAI/LISTEN-IJCAI/outputs/paper__REPS40__iters25__seed1234__20260511_163727/flights_chi_nyc/flights_chi_nyc__utility__Complicated_structured__apigroq__llmllama-3.3-70b-versatile__B50__iters25__seed1344__20260512_152016.json,UtilityExperiment
json_run,Flights CHI->NYC,utility,24,0.509413,groq,llama-3.3-70b-versatile,flights_chi_nyc,Complicated_structured,50,"persona,attributes,priorities",1345,20260512_152016,/Users/adamjovine/Documents/IJCAI/LISTEN-IJCAI/outputs/paper__REPS40__iters25__seed1234__20260511_163727/flights_chi_nyc/flights_chi_nyc__utility__Complicated_structured__apigroq__llmllama-3.3-70b-versatile__B50__iters25__seed1345__20260512_152016.json,UtilityExperiment
json_run,Flights CHI->NYC,utility,25,0.509413,groq,llama-3.3-70b-versatile,flights_chi_nyc,Complicated_structured,50,"persona,attributes,priorities",1346,20260512_152016,/Users/adamjovine/Documents/IJCAI/LISTEN-IJCAI/outputs/paper__REPS40__iters25__seed1234__20260511_163727/flights_chi_nyc/flights_chi_nyc__utility__Complicated_structured__apigroq__llmllama-3.3-70b-versatile__B50__iters25__seed1346__20260512_152016.json,UtilityExperiment
json_run,Flights CHI->NYC,utility,26,0.509413,groq,llama-3.3-70b-versatile,flights_chi_nyc,Complicated_structured,50,"persona,attributes,priorities",1347,20260512_152016,/Users/adamjovine/Documents/IJCAI/LISTEN-IJCAI/outputs/paper__REPS40__iters25__seed1234__20260511_163727/flights_chi_nyc/flights_chi_nyc__utility__Complicated_structured__apigroq__llmllama-3.3-70b-versatile__B50__iters25__seed1347__20260512_152016.json,UtilityExperiment
json_run,Flights CHI->NYC,utility,27,0.509413,groq,llama-3.3-70b-versatile,flights_chi_nyc,Complicated_structured,50,"persona,attributes,priorities",1348,20260512_152016,/Users/adamjovine/Documents/IJCAI/LISTEN-IJCAI/outputs/paper__REPS40__iters25__seed1234__20260511_163727/flights_chi_nyc/flights_chi_nyc__utility__Complicated_structured__apigroq__llmllama-3.3-70b-versatile__B50__iters25__seed1348__20260512_152016.json,UtilityExperiment
json_run,Flights CHI->NYC,utility,28,0.509413,groq,llama-3.3-70b-versatile,flights_chi_nyc,Complicated_structured,50,"persona,attributes,priorities",1349,20260512_152016,/Users/adamjovine/Documents/IJCAI/LISTEN-IJCAI/outputs/paper__REPS40__iters25__seed1234__20260511_163727/flights_chi_nyc/flights_chi_nyc__utility__Complicated_structured__apigroq__llmllama-3.3-70b-versatile__B50__iters25__seed1349__20260512_152016.json,UtilityExperiment
json_run,Flights CHI->NYC,utility,29,0.509413,groq,llama-3.3-70b-versatile,flights_chi_nyc,Complicated_structured,50,"persona,attributes,priorities",1350,20260512_152016,/Users/adamjovine/Documents/IJCAI/LISTEN-IJCAI/outputs/paper__REPS40__iters25__seed1234__20260511_163727/flights_chi_nyc/flights_chi_nyc__utility__Complicated_structured__apigroq__llmllama-3.3-70b-versatile__B50__iters25__seed1350__20260512_152016.json,UtilityExperiment
json_run,Flights CHI->NYC,utility,30,0.509413,groq,llama-3.3-70b-versatile,flights_chi_nyc,Complicated_structured,50,"persona,attributes,priorities",1351,20260512_152016,/Users/adamjovine/Documents/IJCAI/LISTEN-IJCAI/outputs/paper__REPS40__iters25__seed1234__20260511_163727/flights_chi_nyc/flights_chi_nyc__utility__Complicated_structured__apigroq__llmllama-3.3-70b-versatile__B50__iters25__seed1351__20260512_152016.json,UtilityExperiment
json_run,Flights CHI->NYC,utility,31,0.509413,groq,llama-3.3-70b-versatile,flights_chi_nyc,Complicated_structured,50,"persona,attributes,priorities",1352,20260512_152016,/Users/adamjovine/Documents/IJCAI/LISTEN-IJCAI/outputs/paper__REPS40__iters25__seed1234__20260511_163727/flights_chi_nyc/flights_chi_nyc__utility__Complicated_structured__apigroq__llmllama-3.3-70b-versatile__B50__iters25__seed1352__20260512_152016.json,UtilityExperiment
json_run,Flights CHI->NYC,utility,32,0.509413,groq,llama-3.3-70b-versatile,flights_chi_nyc,Complicated_structured,50,"persona,attributes,priorities",1353,20260512_152016,/Users/adamjovine/Documents/IJCAI/LISTEN-IJCAI/outputs/paper__REPS40__iters25__seed1234__20260511_163727/flights_chi_nyc/flights_chi_nyc__utility__Complicated_structured__apigroq__llmllama-3.3-70b-versatile__B50__iters25__seed1353__20260512_152016.json,UtilityExperiment
json_run,Flights CHI->NYC,utility,33,0.509413,groq,llama-3.3-70b-versatile,flights_chi_nyc,Complicated_structured,50,"persona,attributes,priorities",1354,20260512_152016,/Users/adamjovine/Documents/IJCAI/LISTEN-IJCAI/outputs/paper__REPS40__iters25__seed1234__20260511_163727/flights_chi_nyc/flights_chi_nyc__utility__Complicated_structured__apigroq__llmllama-3.3-70b-versatile__B50__iters25__seed1354__20260512_152016.json,UtilityExperiment
json_run,Flights CHI->NYC,utility,34,0.509413,groq,llama-3.3-70b-versatile,flights_chi_nyc,Complicated_structured,50,"persona,attributes,priorities",1355,20260512_152016,/Users/adamjovine/Documents/IJCAI/LISTEN-IJCAI/outputs/paper__REPS40__iters25__seed1234__20260511_163727/flights_chi_nyc/flights_chi_nyc__utility__Complicated_structured__apigroq__llmllama-3.3-70b-versatile__B50__iters25__seed1355__20260512_152016.json,UtilityExperiment
json_run,Flights CHI->NYC,utility,35,0.509413,groq,llama-3.3-70b-versatile,flights_chi_nyc,Complicated_structured,50,"persona,attributes,priorities",1356,20260512_152016,/Users/adamjovine/Documents/IJCAI/LISTEN-IJCAI/outputs/paper__REPS40__iters25__seed1234__20260511_163727/flights_chi_nyc/flights_chi_nyc__utility__Complicated_structured__apigroq__llmllama-3.3-70b-versatile__B50__iters25__seed1356__20260512_152016.json,UtilityExperiment
json_run,Flights CHI->NYC,utility,36,0.509413,groq,llama-3.3-70b-versatile,flights_chi_nyc,Complicated_structured,50,"persona,attributes,priorities",1357,20260512_152016,/Users/adamjovine/Documents/IJCAI/LISTEN-IJCAI/outputs/paper__REPS40__iters25__seed1234__20260511_163727/flights_chi_nyc/flights_chi_nyc__utility__Complicated_structured__apigroq__llmllama-3.3-70b-versatile__B50__iters25__seed1357__20260512_152016.json,UtilityExperiment
json_run,Flights CHI->NYC,utility,37,0.509413,groq,llama-3.3-70b-versatile,flights_chi_nyc,Complicated_structured,50,"persona,attributes,priorities",1358,20260512_152016,/Users/adamjovine/Documents/IJCAI/LISTEN-IJCAI/outputs/paper__REPS40__iters25__seed1234__20260511_163727/flights_chi_nyc/flights_chi_nyc__utility__Complicated_structured__apigroq__llmllama-3.3-70b-versatile__B50__iters25__seed1358__20260512_152016.json,UtilityExperiment
json_run,Flights CHI->NYC,utility,38,0.509413,groq,llama-3.3-70b-versatile,flights_chi_nyc,Complicated_structured,50,"persona,attributes,priorities",1359,20260512_152016,/Users/adamjovine/Documents/IJCAI/LISTEN-IJCAI/outputs/paper__REPS40__iters25__seed1234__20260511_163727/flights_chi_nyc/flights_chi_nyc__utility__Complicated_structured__apigroq__llmllama-3.3-70b-versatile__B50__iters25__seed1359__20260512_152016.json,UtilityExperiment
json_run,Flights CHI->NYC,utility,39,0.509413,groq,llama-3.3-70b-versatile,flights_chi_nyc,Complicated_structured,50,"persona,attributes,priorities",1360,20260512_152016,/Users/adamjovine/Documents/IJCAI/LISTEN-IJCAI/outputs/paper__REPS40__iters25__seed1234__20260511_163727/flights_chi_nyc/flights_chi_nyc__utility__Complicated_structured__apigroq__llmllama-3.3-70b-versatile__B50__iters25__seed1360__20260512_152016.json,UtilityExperiment
json_run,Flights CHI->NYC,utility,40,0.509413,groq,llama-3.3-70b-versatile,flights_chi_nyc,Complicated_structured,50,"persona,attributes,priorities",1361,20260512_152016,/Users/adamjovine/Documents/IJCAI/LISTEN-IJCAI/outputs/paper__REPS40__iters25__seed1234__20260511_163727/flights_chi_nyc/flights_chi_nyc__utility__Complicated_structured__apigroq__llmllama-3.3-70b-versatile__B50__iters25__seed1361__20260512_152016.json,UtilityExperiment
json_run,Flights CHI->NYC,full_batch,1,0.509413,groq,llama-3.3-70b-versatile,flights_chi_nyc,Complicated_structured,903,"persona,attributes,priorities",1274,20260514_154209,/Users/adamjovine/Documents/IJCAI/LISTEN-IJCAI/outputs/paper__REPS40__iters25__seed1234__20260511_163727/flights_chi_nyc/flights_chi_nyc__full_batch__Complicated_structured__apigroq__llmllama-3.3-70b-versatile__B903__iters25__seed1274__20260514_154209.json,FullBatchExperiment
json_run,Flights CHI->NYC,full_batch,2,0.509413,groq,llama-3.3-70b-versatile,flights_chi_nyc,Complicated_structured,903,"persona,attributes,priorities",1275,20260514_154209,/Users/adamjovine/Documents/IJCAI/LISTEN-IJCAI/outputs/paper__REPS40__iters25__seed1234__20260511_163727/flights_chi_nyc/flights_chi_nyc__full_batch__Complicated_structured__apigroq__llmllama-3.3-70b-versatile__B903__iters25__seed1275__20260514_154209.json,FullBatchExperiment
json_run,Flights CHI->NYC,full_batch,3,0.509413,groq,llama-3.3-70b-versatile,flights_chi_nyc,Complicated_structured,903,"persona,attributes,priorities",1276,20260514_154209,/Users/adamjovine/Documents/IJCAI/LISTEN-IJCAI/outputs/paper__REPS40__iters25__seed1234__20260511_163727/flights_chi_nyc/flights_chi_nyc__full_batch__Complicated_structured__apigroq__llmllama-3.3-70b-versatile__B903__iters25__seed1276__20260514_154209.json,FullBatchExperiment
json_run,Flights CHI->NYC,full_batch,4,0.509413,groq,llama-3.3-70b-versatile,flights_chi_nyc,Complicated_structured,903,"persona,attributes,priorities",1277,20260514_154209,/Users/adamjovine/Documents/IJCAI/LISTEN-IJCAI/outputs/paper__REPS40__iters25__seed1234__20260511_163727/flights_chi_nyc/flights_chi_nyc__full_batch__Complicated_structured__apigroq__llmllama-3.3-70b-versatile__B903__iters25__seed1277__20260514_154209.json,FullBatchExperiment
json_run,Flights CHI->NYC,full_batch,5,0.509413,groq,llama-3.3-70b-versatile,flights_chi_nyc,Complicated_structured,903,"persona,attributes,priorities",1278,20260514_154209,/Users/adamjovine/Documents/IJCAI/LISTEN-IJCAI/outputs/paper__REPS40__iters25__seed1234__20260511_163727/flights_chi_nyc/flights_chi_nyc__full_batch__Complicated_structured__apigroq__llmllama-3.3-70b-versatile__B903__iters25__seed1278__20260514_154209.json,FullBatchExperiment
json_run,Flights CHI->NYC,full_batch,6,0.509413,groq,llama-3.3-70b-versatile,flights_chi_nyc,Complicated_structured,903,"persona,attributes,priorities",1279,20260514_154209,/Users/adamjovine/Documents/IJCAI/LISTEN-IJCAI/outputs/paper__REPS40__iters25__seed1234__20260511_163727/flights_chi_nyc/flights_chi_nyc__full_batch__Complicated_structured__apigroq__llmllama-3.3-70b-versatile__B903__iters25__seed1279__20260514_154209.json,FullBatchExperiment
json_run,Flights CHI->NYC,full_batch,7,0.509413,groq,llama-3.3-70b-versatile,flights_chi_nyc,Complicated_structured,903,"persona,attributes,priorities",1280,20260514_154209,/Users/adamjovine/Documents/IJCAI/LISTEN-IJCAI/outputs/paper__REPS40__iters25__seed1234__20260511_163727/flights_chi_nyc/flights_chi_nyc__full_batch__Complicated_structured__apigroq__llmllama-3.3-70b-versatile__B903__iters25__seed1280__20260514_154209.json,FullBatchExperiment
json_run,Flights CHI->NYC,full_batch,8,0.509413,groq,llama-3.3-70b-versatile,flights_chi_nyc,Complicated_structured,903,"persona,attributes,priorities",1281,20260514_154209,/Users/adamjovine/Documents/IJCAI/LISTEN-IJCAI/outputs/paper__REPS40__iters25__seed1234__20260511_163727/flights_chi_nyc/flights_chi_nyc__full_batch__Complicated_structured__apigroq__llmllama-3.3-70b-versatile__B903__iters25__seed1281__20260514_154209.json,FullBatchExperiment
json_run,Flights CHI->NYC,full_batch,9,0.509413,groq,llama-3.3-70b-versatile,flights_chi_nyc,Complicated_structured,903,"persona,attributes,priorities",1282,20260514_154209,/Users/adamjovine/Documents/IJCAI/LISTEN-IJCAI/outputs/paper__REPS40__iters25__seed1234__20260511_163727/flights_chi_nyc/flights_chi_nyc__full_batch__Complicated_structured__apigroq__llmllama-3.3-70b-versatile__B903__iters25__seed1282__20260514_154209.json,FullBatchExperiment
json_run,Flights CHI->NYC,full_batch,10,0.509413,groq,llama-3.3-70b-versatile,flights_chi_nyc,Complicated_structured,903,"persona,attributes,priorities",1283,20260514_154209,/Users/adamjovine/Documents/IJCAI/LISTEN-IJCAI/outputs/paper__REPS40__iters25__seed1234__20260511_163727/flights_chi_nyc/flights_chi_nyc__full_batch__Complicated_structured__apigroq__llmllama-3.3-70b-versatile__B903__iters25__seed1283__20260514_154209.json,FullBatchExperiment
json_run,Flights CHI->NYC,full_batch,11,0.509413,groq,llama-3.3-70b-versatile,flights_chi_nyc,Complicated_structured,903,"persona,attributes,priorities",1284,20260514_154209,/Users/adamjovine/Documents/IJCAI/LISTEN-IJCAI/outputs/paper__REPS40__iters25__seed1234__20260511_163727/flights_chi_nyc/flights_chi_nyc__full_batch__Complicated_structured__apigroq__llmllama-3.3-70b-versatile__B903__iters25__seed1284__20260514_154209.json,FullBatchExperiment
json_run,Flights CHI->NYC,full_batch,12,0.509413,groq,llama-3.3-70b-versatile,flights_chi_nyc,Complicated_structured,903,"persona,attributes,priorities",1285,20260514_154209,/Users/adamjovine/Documents/IJCAI/LISTEN-IJCAI/outputs/paper__REPS40__iters25__seed1234__20260511_163727/flights_chi_nyc/flights_chi_nyc__full_batch__Complicated_structured__apigroq__llmllama-3.3-70b-versatile__B903__iters25__seed1285__20260514_154209.json,FullBatchExperiment
json_run,Flights CHI->NYC,full_batch,13,0.509413,groq,llama-3.3-70b-versatile,flights_chi_nyc,Complicated_structured,903,"persona,attributes,priorities",1286,20260514_154209,/Users/adamjovine/Documents/IJCAI/LISTEN-IJCAI/outputs/paper__REPS40__iters25__seed1234__20260511_163727/flights_chi_nyc/flights_chi_nyc__full_batch__Complicated_structured__apigroq__llmllama-3.3-70b-versatile__B903__iters25__seed1286__20260514_154209.json,FullBatchExperiment
json_run,Flights CHI->NYC,full_batch,14,0.509413,groq,llama-3.3-70b-versatile,flights_chi_nyc,Complicated_structured,903,"persona,attributes,priorities",1287,20260514_154209,/Users/adamjovine/Documents/IJCAI/LISTEN-IJCAI/outputs/paper__REPS40__iters25__seed1234__20260511_163727/flights_chi_nyc/flights_chi_nyc__full_batch__Complicated_structured__apigroq__llmllama-3.3-70b-versatile__B903__iters25__seed1287__20260514_154209.json,FullBatchExperiment
json_run,Flights CHI->NYC,full_batch,15,0.509413,groq,llama-3.3-70b-versatile,flights_chi_nyc,Complicated_structured,903,"persona,attributes,priorities",1288,20260514_154209,/Users/adamjovine/Documents/IJCAI/LISTEN-IJCAI/outputs/paper__REPS40__iters25__seed1234__20260511_163727/flights_chi_nyc/flights_chi_nyc__full_batch__Complicated_structured__apigroq__llmllama-3.3-70b-versatile__B903__iters25__seed1288__20260514_154209.json,FullBatchExperiment
json_run,Flights CHI->NYC,full_batch,16,0.509413,groq,llama-3.3-70b-versatile,flights_chi_nyc,Complicated_structured,903,"persona,attributes,priorities",1289,20260514_154209,/Users/adamjovine/Documents/IJCAI/LISTEN-IJCAI/outputs/paper__REPS40__iters25__seed1234__20260511_163727/flights_chi_nyc/flights_chi_nyc__full_batch__Complicated_structured__apigroq__llmllama-3.3-70b-versatile__B903__iters25__seed1289__20260514_154209.json,FullBatchExperiment
json_run,Flights CHI->NYC,full_batch,17,0.509413,groq,llama-3.3-70b-versatile,flights_chi_nyc,Complicated_structured,903,"persona,attributes,priorities",1290,20260514_154209,/Users/adamjovine/Documents/IJCAI/LISTEN-IJCAI/outputs/paper__REPS40__iters25__seed1234__20260511_163727/flights_chi_nyc/flights_chi_nyc__full_batch__Complicated_structured__apigroq__llmllama-3.3-70b-versatile__B903__iters25__seed1290__20260514_154209.json,FullBatchExperiment
json_run,Flights CHI->NYC,full_batch,18,0.509413,groq,llama-3.3-70b-versatile,flights_chi_nyc,Complicated_structured,903,"persona,attributes,priorities",1291,20260514_154209,/Users/adamjovine/Documents/IJCAI/LISTEN-IJCAI/outputs/paper__REPS40__iters25__seed1234__20260511_163727/flights_chi_nyc/flights_chi_nyc__full_batch__Complicated_structured__apigroq__llmllama-3.3-70b-versatile__B903__iters25__seed1291__20260514_154209.json,FullBatchExperiment
json_run,Flights CHI->NYC,full_batch,19,0.509413,groq,llama-3.3-70b-versatile,flights_chi_nyc,Complicated_structured,903,"persona,attributes,priorities",1292,20260514_154209,/Users/adamjovine/Documents/IJCAI/LISTEN-IJCAI/outputs/paper__REPS40__iters25__seed1234__20260511_163727/flights_chi_nyc/flights_chi_nyc__full_batch__Complicated_structured__apigroq__llmllama-3.3-70b-versatile__B903__iters25__seed1292__20260514_154209.json,FullBatchExperiment
json_run,Flights CHI->NYC,full_batch,20,0.509413,groq,llama-3.3-70b-versatile,flights_chi_nyc,Complicated_structured,903,"persona,attributes,priorities",1293,20260514_154209,/Users/adamjovine/Documents/IJCAI/LISTEN-IJCAI/outputs/paper__REPS40__iters25__seed1234__20260511_163727/flights_chi_nyc/flights_chi_nyc__full_batch__Complicated_structured__apigroq__llmllama-3.3-70b-versatile__B903__iters25__seed1293__20260514_154209.json,FullBatchExperiment
json_run,Flights CHI->NYC,full_batch,21,0.509413,groq,llama-3.3-70b-versatile,flights_chi_nyc,Complicated_structured,903,"persona,attributes,priorities",1294,20260514_154209,/Users/adamjovine/Documents/IJCAI/LISTEN-IJCAI/outputs/paper__REPS40__iters25__seed1234__20260511_163727/flights_chi_nyc/flights_chi_nyc__full_batch__Complicated_structured__apigroq__llmllama-3.3-70b-versatile__B903__iters25__seed1294__20260514_154209.json,FullBatchExperiment
json_run,Flights CHI->NYC,full_batch,22,0.509413,groq,llama-3.3-70b-versatile,flights_chi_nyc,Complicated_structured,903,"persona,attributes,priorities",1295,20260514_154209,/Users/adamjovine/Documents/IJCAI/LISTEN-IJCAI/outputs/paper__REPS40__iters25__seed1234__20260511_163727/flights_chi_nyc/flights_chi_nyc__full_batch__Complicated_structured__apigroq__llmllama-3.3-70b-versatile__B903__iters25__seed1295__20260514_154209.json,FullBatchExperiment
json_run,Flights CHI->NYC,full_batch,23,0.509413,groq,llama-3.3-70b-versatile,flights_chi_nyc,Complicated_structured,903,"persona,attributes,priorities",1296,20260514_154209,/Users/adamjovine/Documents/IJCAI/LISTEN-IJCAI/outputs/paper__REPS40__iters25__seed1234__20260511_163727/flights_chi_nyc/flights_chi_nyc__full_batch__Complicated_structured__apigroq__llmllama-3.3-70b-versatile__B903__iters25__seed1296__20260514_154209.json,FullBatchExperiment
json_run,Flights CHI->NYC,full_batch,24,0.509413,groq,llama-3.3-70b-versatile,flights_chi_nyc,Complicated_structured,903,"persona,attributes,priorities",1297,20260514_154209,/Users/adamjovine/Documents/IJCAI/LISTEN-IJCAI/outputs/paper__REPS40__iters25__seed1234__20260511_163727/flights_chi_nyc/flights_chi_nyc__full_batch__Complicated_structured__apigroq__llmllama-3.3-70b-versatile__B903__iters25__seed1297__20260514_154209.json,FullBatchExperiment
json_run,Flights CHI->NYC,full_batch,25,0.509413,groq,llama-3.3-70b-versatile,flights_chi_nyc,Complicated_structured,903,"persona,attributes,priorities",1298,20260514_154209,/Users/adamjovine/Documents/IJCAI/LISTEN-IJCAI/outputs/paper__REPS40__iters25__seed1234__20260511_163727/flights_chi_nyc/flights_chi_nyc__full_batch__Complicated_structured__apigroq__llmllama-3.3-70b-versatile__B903__iters25__seed1298__20260514_154209.json,FullBatchExperiment
json_run,Flights CHI->NYC,full_batch,26,0.509413,groq,llama-3.3-70b-versatile,flights_chi_nyc,Complicated_structured,903,"persona,attributes,priorities",1299,20260514_154209,/Users/adamjovine/Documents/IJCAI/LISTEN-IJCAI/outputs/paper__REPS40__iters25__seed1234__20260511_163727/flights_chi_nyc/flights_chi_nyc__full_batch__Complicated_structured__apigroq__llmllama-3.3-70b-versatile__B903__iters25__seed1299__20260514_154209.json,FullBatchExperiment
json_run,Flights CHI->NYC,full_batch,27,0.003322,groq,llama-3.3-70b-versatile,flights_chi_nyc,Complicated_structured,903,"persona,attributes,priorities",1300,20260514_154209,/Users/adamjovine/Documents/IJCAI/LISTEN-IJCAI/outputs/paper__REPS40__iters25__seed1234__20260511_163727/flights_chi_nyc/flights_chi_nyc__full_batch__Complicated_structured__apigroq__llmllama-3.3-70b-versatile__B903__iters25__seed1300__20260514_154209.json,FullBatchExperiment
json_run,Flights CHI->NYC,full_batch,28,0.509413,groq,llama-3.3-70b-versatile,flights_chi_nyc,Complicated_structured,903,"persona,attributes,priorities",1301,20260514_154209,/Users/adamjovine/Documents/IJCAI/LISTEN-IJCAI/outputs/paper__REPS40__iters25__seed1234__20260511_163727/flights_chi_nyc/flights_chi_nyc__full_batch__Complicated_structured__apigroq__llmllama-3.3-70b-versatile__B903__iters25__seed1301__20260514_154209.json,FullBatchExperiment
json_run,Flights CHI->NYC,full_batch,29,0.509413,groq,llama-3.3-70b-versatile,flights_chi_nyc,Complicated_structured,903,"persona,attributes,priorities",1302,20260514_154209,/Users/adamjovine/Documents/IJCAI/LISTEN-IJCAI/outputs/paper__REPS40__iters25__seed1234__20260511_163727/flights_chi_nyc/flights_chi_nyc__full_batch__Complicated_structured__apigroq__llmllama-3.3-70b-versatile__B903__iters25__seed1302__20260514_154209.json,FullBatchExperiment
json_run,Flights CHI->NYC,full_batch,30,0.509413,groq,llama-3.3-70b-versatile,flights_chi_nyc,Complicated_structured,903,"persona,attributes,priorities",1303,20260514_154209,/Users/adamjovine/Documents/IJCAI/LISTEN-IJCAI/outputs/paper__REPS40__iters25__seed1234__20260511_163727/flights_chi_nyc/flights_chi_nyc__full_batch__Complicated_structured__apigroq__llmllama-3.3-70b-versatile__B903__iters25__seed1303__20260514_154209.json,FullBatchExperiment
json_run,Flights CHI->NYC,full_batch,31,0.509413,groq,llama-3.3-70b-versatile,flights_chi_nyc,Complicated_structured,903,"persona,attributes,priorities",1304,20260514_154209,/Users/adamjovine/Documents/IJCAI/LISTEN-IJCAI/outputs/paper__REPS40__iters25__seed1234__20260511_163727/flights_chi_nyc/flights_chi_nyc__full_batch__Complicated_structured__apigroq__llmllama-3.3-70b-versatile__B903__iters25__seed1304__20260514_154209.json,FullBatchExperiment
json_run,Flights CHI->NYC,full_batch,32,0.509413,groq,llama-3.3-70b-versatile,flights_chi_nyc,Complicated_structured,903,"persona,attributes,priorities",1305,20260514_154209,/Users/adamjovine/Documents/IJCAI/LISTEN-IJCAI/outputs/paper__REPS40__iters25__seed1234__20260511_163727/flights_chi_nyc/flights_chi_nyc__full_batch__Complicated_structured__apigroq__llmllama-3.3-70b-versatile__B903__iters25__seed1305__20260514_154209.json,FullBatchExperiment
json_run,Flights CHI->NYC,full_batch,33,0.509413,groq,llama-3.3-70b-versatile,flights_chi_nyc,Complicated_structured,903,"persona,attributes,priorities",1306,20260514_154209,/Users/adamjovine/Documents/IJCAI/LISTEN-IJCAI/outputs/paper__REPS40__iters25__seed1234__20260511_163727/flights_chi_nyc/flights_chi_nyc__full_batch__Complicated_structured__apigroq__llmllama-3.3-70b-versatile__B903__iters25__seed1306__20260514_154209.json,FullBatchExperiment
json_run,Flights CHI->NYC,full_batch,34,0.509413,groq,llama-3.3-70b-versatile,flights_chi_nyc,Complicated_structured,903,"persona,attributes,priorities",1307,20260514_154209,/Users/adamjovine/Documents/IJCAI/LISTEN-IJCAI/outputs/paper__REPS40__iters25__seed1234__20260511_163727/flights_chi_nyc/flights_chi_nyc__full_batch__Complicated_structured__apigroq__llmllama-3.3-70b-versatile__B903__iters25__seed1307__20260514_154209.json,FullBatchExperiment
json_run,Flights CHI->NYC,full_batch,35,0.012182,groq,llama-3.3-70b-versatile,flights_chi_nyc,Complicated_structured,903,"persona,attributes,priorities",1308,20260514_154209,/Users/adamjovine/Documents/IJCAI/LISTEN-IJCAI/outputs/paper__REPS40__iters25__seed1234__20260511_163727/flights_chi_nyc/flights_chi_nyc__full_batch__Complicated_structured__apigroq__llmllama-3.3-70b-versatile__B903__iters25__seed1308__20260514_154209.json,FullBatchExperiment
json_run,Flights CHI->NYC,full_batch,36,0.509413,groq,llama-3.3-70b-versatile,flights_chi_nyc,Complicated_structured,903,"persona,attributes,priorities",1309,20260514_154209,/Users/adamjovine/Documents/IJCAI/LISTEN-IJCAI/outputs/paper__REPS40__iters25__seed1234__20260511_163727/flights_chi_nyc/flights_chi_nyc__full_batch__Complicated_structured__apigroq__llmllama-3.3-70b-versatile__B903__iters25__seed1309__20260514_154209.json,FullBatchExperiment
json_run,Flights CHI->NYC,full_batch,37,0.509413,groq,llama-3.3-70b-versatile,flights_chi_nyc,Complicated_structured,903,"persona,attributes,priorities",1310,20260514_154209,/Users/adamjovine/Documents/IJCAI/LISTEN-IJCAI/outputs/paper__REPS40__iters25__seed1234__20260511_163727/flights_chi_nyc/flights_chi_nyc__full_batch__Complicated_structured__apigroq__llmllama-3.3-70b-versatile__B903__iters25__seed1310__20260514_154209.json,FullBatchExperiment
json_run,Flights CHI->NYC,full_batch,38,0.509413,groq,llama-3.3-70b-versatile,flights_chi_nyc,Complicated_structured,903,"persona,attributes,priorities",1311,20260514_154209,/Users/adamjovine/Documents/IJCAI/LISTEN-IJCAI/outputs/paper__REPS40__iters25__seed1234__20260511_163727/flights_chi_nyc/flights_chi_nyc__full_batch__Complicated_structured__apigroq__llmllama-3.3-70b-versatile__B903__iters25__seed1311__20260514_154209.json,FullBatchExperiment
json_run,Flights CHI->NYC,full_batch,39,0.509413,groq,llama-3.3-70b-versatile,flights_chi_nyc,Complicated_structured,903,"persona,attributes,priorities",1312,20260514_154209,/Users/adamjovine/Documents/IJCAI/LISTEN-IJCAI/outputs/paper__REPS40__iters25__seed1234__20260511_163727/flights_chi_nyc/flights_chi_nyc__full_batch__Complicated_structured__apigroq__llmllama-3.3-70b-versatile__B903__iters25__seed1312__20260514_154209.json,FullBatchExperiment
json_run,Flights CHI->NYC,full_batch,40,0.509413,groq,llama-3.3-70b-versatile,flights_chi_nyc,Complicated_structured,903,"persona,attributes,priorities",1313,20260514_154209,/Users/adamjovine/Documents/IJCAI/LISTEN-IJCAI/outputs/paper__REPS40__iters25__seed1234__20260511_163727/flights_chi_nyc/flights_chi_nyc__full_batch__Complicated_structured__apigroq__llmllama-3.3-70b-versatile__B903__iters25__seed1313__20260514_154209.json,FullBatchExperiment
json_run,Flights CHI->NYC,baseline_random,1,0.509413,groq,llama-3.3-70b-versatile,flights_chi_nyc,Complicated_structured,50,,1362,20260512_152016,/Users/adamjovine/Documents/IJCAI/LISTEN-IJCAI/outputs/paper__REPS40__iters25__seed1234__20260511_163727/flights_chi_nyc/flights_chi_nyc__baseline__Complicated_structured__apigroq__llmllama-3.3-70b-versatile__B50__iters25__seed1362__20260512_152016.json,BaselineRandom
json_run,Flights CHI->NYC,baseline_random,2,0.509413,groq,llama-3.3-70b-versatile,flights_chi_nyc,Complicated_structured,50,,1363,20260512_152016,/Users/adamjovine/Documents/IJCAI/LISTEN-IJCAI/outputs/paper__REPS40__iters25__seed1234__20260511_163727/flights_chi_nyc/flights_chi_nyc__baseline__Complicated_structured__apigroq__llmllama-3.3-70b-versatile__B50__iters25__seed1363__20260512_152016.json,BaselineRandom
json_run,Flights CHI->NYC,baseline_random,3,0.003322,groq,llama-3.3-70b-versatile,flights_chi_nyc,Complicated_structured,50,,1364,20260512_152016,/Users/adamjovine/Documents/IJCAI/LISTEN-IJCAI/outputs/paper__REPS40__iters25__seed1234__20260511_163727/flights_chi_nyc/flights_chi_nyc__baseline__Complicated_structured__apigroq__llmllama-3.3-70b-versatile__B50__iters25__seed1364__20260512_152016.json,BaselineRandom
json_run,Flights CHI->NYC,baseline_random,4,0.509413,groq,llama-3.3-70b-versatile,flights_chi_nyc,Complicated_structured,50,,1365,20260512_152016,/Users/adamjovine/Documents/IJCAI/LISTEN-IJCAI/outputs/paper__REPS40__iters25__seed1234__20260511_163727/flights_chi_nyc/flights_chi_nyc__baseline__Complicated_structured__apigroq__llmllama-3.3-70b-versatile__B50__iters25__seed1365__20260512_152016.json,BaselineRandom
json_run,Flights CHI->NYC,baseline_random,5,0.509413,groq,llama-3.3-70b-versatile,flights_chi_nyc,Complicated_structured,50,,1366,20260512_152016,/Users/adamjovine/Documents/IJCAI/LISTEN-IJCAI/outputs/paper__REPS40__iters25__seed1234__20260511_163727/flights_chi_nyc/flights_chi_nyc__baseline__Complicated_structured__apigroq__llmllama-3.3-70b-versatile__B50__iters25__seed1366__20260512_152016.json,BaselineRandom
json_run,Flights CHI->NYC,baseline_random,6,0.509413,groq,llama-3.3-70b-versatile,flights_chi_nyc,Complicated_structured,50,,1367,20260512_152016,/Users/adamjovine/Documents/IJCAI/LISTEN-IJCAI/outputs/paper__REPS40__iters25__seed1234__20260511_163727/flights_chi_nyc/flights_chi_nyc__baseline__Complicated_structured__apigroq__llmllama-3.3-70b-versatile__B50__iters25__seed1367__20260512_152016.json,BaselineRandom
json_run,Flights CHI->NYC,baseline_random,7,0.509413,groq,llama-3.3-70b-versatile,flights_chi_nyc,Complicated_structured,50,,1368,20260512_152016,/Users/adamjovine/Documents/IJCAI/LISTEN-IJCAI/outputs/paper__REPS40__iters25__seed1234__20260511_163727/flights_chi_nyc/flights_chi_nyc__baseline__Complicated_structured__apigroq__llmllama-3.3-70b-versatile__B50__iters25__seed1368__20260512_152016.json,BaselineRandom
json_run,Flights CHI->NYC,baseline_random,8,0.509413,groq,llama-3.3-70b-versatile,flights_chi_nyc,Complicated_structured,50,,1369,20260512_152016,/Users/adamjovine/Documents/IJCAI/LISTEN-IJCAI/outputs/paper__REPS40__iters25__seed1234__20260511_163727/flights_chi_nyc/flights_chi_nyc__baseline__Complicated_structured__apigroq__llmllama-3.3-70b-versatile__B50__iters25__seed1369__20260512_152016.json,BaselineRandom
json_run,Flights CHI->NYC,baseline_random,9,0.509413,groq,llama-3.3-70b-versatile,flights_chi_nyc,Complicated_structured,50,,1370,20260512_152016,/Users/adamjovine/Documents/IJCAI/LISTEN-IJCAI/outputs/paper__REPS40__iters25__seed1234__20260511_163727/flights_chi_nyc/flights_chi_nyc__baseline__Complicated_structured__apigroq__llmllama-3.3-70b-versatile__B50__iters25__seed1370__20260512_152016.json,BaselineRandom
json_run,Flights CHI->NYC,baseline_random,10,0.509413,groq,llama-3.3-70b-versatile,flights_chi_nyc,Complicated_structured,50,,1371,20260512_152016,/Users/adamjovine/Documents/IJCAI/LISTEN-IJCAI/outputs/paper__REPS40__iters25__seed1234__20260511_163727/flights_chi_nyc/flights_chi_nyc__baseline__Complicated_structured__apigroq__llmllama-3.3-70b-versatile__B50__iters25__seed1371__20260512_152016.json,BaselineRandom
json_run,Flights CHI->NYC,baseline_random,11,0.509413,groq,llama-3.3-70b-versatile,flights_chi_nyc,Complicated_structured,50,,1372,20260512_152016,/Users/adamjovine/Documents/IJCAI/LISTEN-IJCAI/outputs/paper__REPS40__iters25__seed1234__20260511_163727/flights_chi_nyc/flights_chi_nyc__baseline__Complicated_structured__apigroq__llmllama-3.3-70b-versatile__B50__iters25__seed1372__20260512_152016.json,BaselineRandom
json_run,Flights CHI->NYC,baseline_random,12,0.509413,groq,llama-3.3-70b-versatile,flights_chi_nyc,Complicated_structured,50,,1373,20260512_152016,/Users/adamjovine/Documents/IJCAI/LISTEN-IJCAI/outputs/paper__REPS40__iters25__seed1234__20260511_163727/flights_chi_nyc/flights_chi_nyc__baseline__Complicated_structured__apigroq__llmllama-3.3-70b-versatile__B50__iters25__seed1373__20260512_152016.json,BaselineRandom
json_run,Flights CHI->NYC,baseline_random,13,0.509413,groq,llama-3.3-70b-versatile,flights_chi_nyc,Complicated_structured,50,,1374,20260512_152016,/Users/adamjovine/Documents/IJCAI/LISTEN-IJCAI/outputs/paper__REPS40__iters25__seed1234__20260511_163727/flights_chi_nyc/flights_chi_nyc__baseline__Complicated_structured__apigroq__llmllama-3.3-70b-versatile__B50__iters25__seed1374__20260512_152016.json,BaselineRandom
json_run,Flights CHI->NYC,baseline_random,14,0.509413,groq,llama-3.3-70b-versatile,flights_chi_nyc,Complicated_structured,50,,1375,20260512_152016,/Users/adamjovine/Documents/IJCAI/LISTEN-IJCAI/outputs/paper__REPS40__iters25__seed1234__20260511_163727/flights_chi_nyc/flights_chi_nyc__baseline__Complicated_structured__apigroq__llmllama-3.3-70b-versatile__B50__iters25__seed1375__20260512_152016.json,BaselineRandom
json_run,Flights CHI->NYC,baseline_random,15,0.509413,groq,llama-3.3-70b-versatile,flights_chi_nyc,Complicated_structured,50,,1376,20260512_152016,/Users/adamjovine/Documents/IJCAI/LISTEN-IJCAI/outputs/paper__REPS40__iters25__seed1234__20260511_163727/flights_chi_nyc/flights_chi_nyc__baseline__Complicated_structured__apigroq__llmllama-3.3-70b-versatile__B50__iters25__seed1376__20260512_152016.json,BaselineRandom
json_run,Flights CHI->NYC,baseline_random,16,0.509413,groq,llama-3.3-70b-versatile,flights_chi_nyc,Complicated_structured,50,,1377,20260512_152016,/Users/adamjovine/Documents/IJCAI/LISTEN-IJCAI/outputs/paper__REPS40__iters25__seed1234__20260511_163727/flights_chi_nyc/flights_chi_nyc__baseline__Complicated_structured__apigroq__llmllama-3.3-70b-versatile__B50__iters25__seed1377__20260512_152016.json,BaselineRandom
json_run,Flights CHI->NYC,baseline_random,17,0.509413,groq,llama-3.3-70b-versatile,flights_chi_nyc,Complicated_structured,50,,1378,20260512_152016,/Users/adamjovine/Documents/IJCAI/LISTEN-IJCAI/outputs/paper__REPS40__iters25__seed1234__20260511_163727/flights_chi_nyc/flights_chi_nyc__baseline__Complicated_structured__apigroq__llmllama-3.3-70b-versatile__B50__iters25__seed1378__20260512_152016.json,BaselineRandom
json_run,Flights CHI->NYC,baseline_random,18,0.509413,groq,llama-3.3-70b-versatile,flights_chi_nyc,Complicated_structured,50,,1379,20260512_152016,/Users/adamjovine/Documents/IJCAI/LISTEN-IJCAI/outputs/paper__REPS40__iters25__seed1234__20260511_163727/flights_chi_nyc/flights_chi_nyc__baseline__Complicated_structured__apigroq__llmllama-3.3-70b-versatile__B50__iters25__seed1379__20260512_152016.json,BaselineRandom
json_run,Flights CHI->NYC,baseline_random,19,0.509413,groq,llama-3.3-70b-versatile,flights_chi_nyc,Complicated_structured,50,,1380,20260512_152016,/Users/adamjovine/Documents/IJCAI/LISTEN-IJCAI/outputs/paper__REPS40__iters25__seed1234__20260511_163727/flights_chi_nyc/flights_chi_nyc__baseline__Complicated_structured__apigroq__llmllama-3.3-70b-versatile__B50__iters25__seed1380__20260512_152016.json,BaselineRandom
json_run,Flights CHI->NYC,baseline_random,20,0.509413,groq,llama-3.3-70b-versatile,flights_chi_nyc,Complicated_structured,50,,1381,20260512_152016,/Users/adamjovine/Documents/IJCAI/LISTEN-IJCAI/outputs/paper__REPS40__iters25__seed1234__20260511_163727/flights_chi_nyc/flights_chi_nyc__baseline__Complicated_structured__apigroq__llmllama-3.3-70b-versatile__B50__iters25__seed1381__20260512_152016.json,BaselineRandom
json_run,Flights CHI->NYC,baseline_random,21,0.509413,groq,llama-3.3-70b-versatile,flights_chi_nyc,Complicated_structured,50,,1382,20260512_152016,/Users/adamjovine/Documents/IJCAI/LISTEN-IJCAI/outputs/paper__REPS40__iters25__seed1234__20260511_163727/flights_chi_nyc/flights_chi_nyc__baseline__Complicated_structured__apigroq__llmllama-3.3-70b-versatile__B50__iters25__seed1382__20260512_152016.json,BaselineRandom
json_run,Flights CHI->NYC,baseline_random,22,0.509413,groq,llama-3.3-70b-versatile,flights_chi_nyc,Complicated_structured,50,,1383,20260512_152016,/Users/adamjovine/Documents/IJCAI/LISTEN-IJCAI/outputs/paper__REPS40__iters25__seed1234__20260511_163727/flights_chi_nyc/flights_chi_nyc__baseline__Complicated_structured__apigroq__llmllama-3.3-70b-versatile__B50__iters25__seed1383__20260512_152016.json,BaselineRandom
json_run,Flights CHI->NYC,baseline_random,23,0.509413,groq,llama-3.3-70b-versatile,flights_chi_nyc,Complicated_structured,50,,1384,20260512_152016,/Users/adamjovine/Documents/IJCAI/LISTEN-IJCAI/outputs/paper__REPS40__iters25__seed1234__20260511_163727/flights_chi_nyc/flights_chi_nyc__baseline__Complicated_structured__apigroq__llmllama-3.3-70b-versatile__B50__iters25__seed1384__20260512_152016.json,BaselineRandom
json_run,Flights CHI->NYC,baseline_random,24,0.509413,groq,llama-3.3-70b-versatile,flights_chi_nyc,Complicated_structured,50,,1385,20260512_152016,/Users/adamjovine/Documents/IJCAI/LISTEN-IJCAI/outputs/paper__REPS40__iters25__seed1234__20260511_163727/flights_chi_nyc/flights_chi_nyc__baseline__Complicated_structured__apigroq__llmllama-3.3-70b-versatile__B50__iters25__seed1385__20260512_152016.json,BaselineRandom
json_run,Flights CHI->NYC,baseline_random,25,0.509413,groq,llama-3.3-70b-versatile,flights_chi_nyc,Complicated_structured,50,,1386,20260512_152016,/Users/adamjovine/Documents/IJCAI/LISTEN-IJCAI/outputs/paper__REPS40__iters25__seed1234__20260511_163727/flights_chi_nyc/flights_chi_nyc__baseline__Complicated_structured__apigroq__llmllama-3.3-70b-versatile__B50__iters25__seed1386__20260512_152016.json,BaselineRandom
json_run,Flights CHI->NYC,baseline_random,26,0.509413,groq,llama-3.3-70b-versatile,flights_chi_nyc,Complicated_structured,50,,1387,20260512_152016,/Users/adamjovine/Documents/IJCAI/LISTEN-IJCAI/outputs/paper__REPS40__iters25__seed1234__20260511_163727/flights_chi_nyc/flights_chi_nyc__baseline__Complicated_structured__apigroq__llmllama-3.3-70b-versatile__B50__iters25__seed1387__20260512_152016.json,BaselineRandom
json_run,Flights CHI->NYC,baseline_random,27,0.509413,groq,llama-3.3-70b-versatile,flights_chi_nyc,Complicated_structured,50,,1388,20260512_152016,/Users/adamjovine/Documents/IJCAI/LISTEN-IJCAI/outputs/paper__REPS40__iters25__seed1234__20260511_163727/flights_chi_nyc/flights_chi_nyc__baseline__Complicated_structured__apigroq__llmllama-3.3-70b-versatile__B50__iters25__seed1388__20260512_152016.json,BaselineRandom
json_run,Flights CHI->NYC,baseline_random,28,0.509413,groq,llama-3.3-70b-versatile,flights_chi_nyc,Complicated_structured,50,,1389,20260512_152016,/Users/adamjovine/Documents/IJCAI/LISTEN-IJCAI/outputs/paper__REPS40__iters25__seed1234__20260511_163727/flights_chi_nyc/flights_chi_nyc__baseline__Complicated_structured__apigroq__llmllama-3.3-70b-versatile__B50__iters25__seed1389__20260512_152016.json,BaselineRandom
json_run,Flights CHI->NYC,baseline_random,29,0.509413,groq,llama-3.3-70b-versatile,flights_chi_nyc,Complicated_structured,50,,1390,20260512_152016,/Users/adamjovine/Documents/IJCAI/LISTEN-IJCAI/outputs/paper__REPS40__iters25__seed1234__20260511_163727/flights_chi_nyc/flights_chi_nyc__baseline__Complicated_structured__apigroq__llmllama-3.3-70b-versatile__B50__iters25__seed1390__20260512_152016.json,BaselineRandom
json_run,Flights CHI->NYC,baseline_random,30,0.509413,groq,llama-3.3-70b-versatile,flights_chi_nyc,Complicated_structured,50,,1391,20260512_152016,/Users/adamjovine/Documents/IJCAI/LISTEN-IJCAI/outputs/paper__REPS40__iters25__seed1234__20260511_163727/flights_chi_nyc/flights_chi_nyc__baseline__Complicated_structured__apigroq__llmllama-3.3-70b-versatile__B50__iters25__seed1391__20260512_152016.json,BaselineRandom
json_run,Flights CHI->NYC,baseline_random,31,0.509413,groq,llama-3.3-70b-versatile,flights_chi_nyc,Complicated_structured,50,,1392,20260512_152016,/Users/adamjovine/Documents/IJCAI/LISTEN-IJCAI/outputs/paper__REPS40__iters25__seed1234__20260511_163727/flights_chi_nyc/flights_chi_nyc__baseline__Complicated_structured__apigroq__llmllama-3.3-70b-versatile__B50__iters25__seed1392__20260512_152016.json,BaselineRandom
json_run,Flights CHI->NYC,baseline_random,32,0.509413,groq,llama-3.3-70b-versatile,flights_chi_nyc,Complicated_structured,50,,1393,20260512_152016,/Users/adamjovine/Documents/IJCAI/LISTEN-IJCAI/outputs/paper__REPS40__iters25__seed1234__20260511_163727/flights_chi_nyc/flights_chi_nyc__baseline__Complicated_structured__apigroq__llmllama-3.3-70b-versatile__B50__iters25__seed1393__20260512_152016.json,BaselineRandom
json_run,Flights CHI->NYC,baseline_random,33,0.509413,groq,llama-3.3-70b-versatile,flights_chi_nyc,Complicated_structured,50,,1394,20260512_152016,/Users/adamjovine/Documents/IJCAI/LISTEN-IJCAI/outputs/paper__REPS40__iters25__seed1234__20260511_163727/flights_chi_nyc/flights_chi_nyc__baseline__Complicated_structured__apigroq__llmllama-3.3-70b-versatile__B50__iters25__seed1394__20260512_152016.json,BaselineRandom
json_run,Flights CHI->NYC,baseline_random,34,0.509413,groq,llama-3.3-70b-versatile,flights_chi_nyc,Complicated_structured,50,,1395,20260512_152016,/Users/adamjovine/Documents/IJCAI/LISTEN-IJCAI/outputs/paper__REPS40__iters25__seed1234__20260511_163727/flights_chi_nyc/flights_chi_nyc__baseline__Complicated_structured__apigroq__llmllama-3.3-70b-versatile__B50__iters25__seed1395__20260512_152016.json,BaselineRandom
json_run,Flights CHI->NYC,baseline_random,35,0.509413,groq,llama-3.3-70b-versatile,flights_chi_nyc,Complicated_structured,50,,1396,20260512_152016,/Users/adamjovine/Documents/IJCAI/LISTEN-IJCAI/outputs/paper__REPS40__iters25__seed1234__20260511_163727/flights_chi_nyc/flights_chi_nyc__baseline__Complicated_structured__apigroq__llmllama-3.3-70b-versatile__B50__iters25__seed1396__20260512_152016.json,BaselineRandom
json_run,Flights CHI->NYC,baseline_random,36,0.509413,groq,llama-3.3-70b-versatile,flights_chi_nyc,Complicated_structured,50,,1397,20260512_152016,/Users/adamjovine/Documents/IJCAI/LISTEN-IJCAI/outputs/paper__REPS40__iters25__seed1234__20260511_163727/flights_chi_nyc/flights_chi_nyc__baseline__Complicated_structured__apigroq__llmllama-3.3-70b-versatile__B50__iters25__seed1397__20260512_152016.json,BaselineRandom
json_run,Flights CHI->NYC,baseline_random,37,0.509413,groq,llama-3.3-70b-versatile,flights_chi_nyc,Complicated_structured,50,,1398,20260512_152016,/Users/adamjovine/Documents/IJCAI/LISTEN-IJCAI/outputs/paper__REPS40__iters25__seed1234__20260511_163727/flights_chi_nyc/flights_chi_nyc__baseline__Complicated_structured__apigroq__llmllama-3.3-70b-versatile__B50__iters25__seed1398__20260512_152016.json,BaselineRandom
json_run,Flights CHI->NYC,baseline_random,38,0.509413,groq,llama-3.3-70b-versatile,flights_chi_nyc,Complicated_structured,50,,1399,20260512_152016,/Users/adamjovine/Documents/IJCAI/LISTEN-IJCAI/outputs/paper__REPS40__iters25__seed1234__20260511_163727/flights_chi_nyc/flights_chi_nyc__baseline__Complicated_structured__apigroq__llmllama-3.3-70b-versatile__B50__iters25__seed1399__20260512_152016.json,BaselineRandom
json_run,Flights CHI->NYC,baseline_random,39,0.509413,groq,llama-3.3-70b-versatile,flights_chi_nyc,Complicated_structured,50,,1400,20260512_152016,/Users/adamjovine/Documents/IJCAI/LISTEN-IJCAI/outputs/paper__REPS40__iters25__seed1234__20260511_163727/flights_chi_nyc/flights_chi_nyc__baseline__Complicated_structured__apigroq__llmllama-3.3-70b-versatile__B50__iters25__seed1400__20260512_152016.json,BaselineRandom
json_run,Flights CHI->NYC,baseline_random,40,0.509413,groq,llama-3.3-70b-versatile,flights_chi_nyc,Complicated_structured,50,,1401,20260512_152016,/Users/adamjovine/Documents/IJCAI/LISTEN-IJCAI/outputs/paper__REPS40__iters25__seed1234__20260511_163727/flights_chi_nyc/flights_chi_nyc__baseline__Complicated_structured__apigroq__llmllama-3.3-70b-versatile__B50__iters25__seed1401__20260512_152016.json,BaselineRandom
json_run,Flights CHI->NYC,baseline_zscore,1,0.509413,groq,llama-3.3-70b-versatile,flights_chi_nyc,Complicated_structured,50,,1362,20260512_152016,/Users/adamjovine/Documents/IJCAI/LISTEN-IJCAI/outputs/paper__REPS40__iters25__seed1234__20260511_163727/flights_chi_nyc/flights_chi_nyc__baseline__Complicated_structured__apigroq__llmllama-3.3-70b-versatile__B50__iters25__seed1362__20260512_152016.json,BaselineZscore
rerank_csv,Flights CHI->NYC,human_rerank,,0.509413,,,flights_chi_nyc,Complicated_structured,,,,,input/rerank_h1_flights_chi_nyc,BaselineRerank
rerank_csv,Flights CHI->NYC,human_rerank,,0.509413,,,flights_chi_nyc,Complicated_structured,,,,,input/rerank_h3_flights_chi_nyc,BaselineRerank
rerank_csv,Flights CHI->NYC,human_rerank,,0.509413,,,flights_chi_nyc,Complicated_structured,,,,,input/rerank_h4_flights_chi_nyc,BaselineRerank
rerank_csv,Flights CHI->NYC,human_rerank,,0.509413,,,flights_chi_nyc,Complicated_structured,,,,,input/rerank_h5_flights_chi_nyc,BaselineRerank
